scraped_at,rental_type,gpu_name,num_offers,total_gpus,dph_per_gpu_min,dph_per_gpu_p25,dph_per_gpu_median,dph_per_gpu_p75,dph_per_gpu_max,verified_median,median_reliability
2026-08-03T00:03:46+00:00,on-demand,A100 PCIE,10,24,0.333611,0.414556,0.826144,0.97075,1.536764,0.861049,0.992847
2026-08-03T00:03:46+00:00,on-demand,A100 SXM4,26,67,0.267407,0.905046,0.955111,1.066921,1.697333,1.048704,0.992984
2026-08-03T00:03:46+00:00,on-demand,A10g,1,1,0.161185,0.161185,0.161185,0.161185,0.161185,,0.951981
2026-08-03T00:03:46+00:00,on-demand,A800 PCIE,3,7,0.667222,0.6675,0.667778,0.668333,0.668889,,0.994687
2026-08-03T00:03:46+00:00,on-demand,B200,13,46,3.751389,5.314583,5.880208,7.552431,9.788889,6.065278,0.996867
2026-08-03T00:03:46+00:00,on-demand,B300,1,2,8.438542,8.438542,8.438542,8.438542,8.438542,8.438542,0.985178
2026-08-03T00:03:46+00:00,on-demand,CMP 170HX,1,1,0.191111,0.191111,0.191111,0.191111,0.191111,,0.895107
2026-08-03T00:03:46+00:00,on-demand,GTX 1050 Ti,1,1,0.611111,0.611111,0.611111,0.611111,0.611111,,0.986673
2026-08-03T00:03:46+00:00,on-demand,GTX 1060,2,2,0.088148,0.152222,0.216296,0.28037,0.344444,0.088148,0.996702
2026-08-03T00:03:46+00:00,on-demand,GTX 1070,1,1,0.531111,0.531111,0.531111,0.531111,0.531111,0.531111,0.992679
2026-08-03T00:03:46+00:00,on-demand,GTX 1080,5,12,0.027778,0.042222,0.04837,0.049111,0.050222,0.049111,0.994359
2026-08-03T00:03:46+00:00,on-demand,GTX 1080 Ti,5,10,0.039556,0.060556,0.065111,0.066222,0.074444,0.065667,0.997675
2026-08-03T00:03:46+00:00,on-demand,GTX 1650 S,1,1,0.677778,0.677778,0.677778,0.677778,0.677778,,0.989533
2026-08-03T00:03:46+00:00,on-demand,GTX 1660,1,1,0.677778,0.677778,0.677778,0.677778,0.677778,,0.995188
2026-08-03T00:03:46+00:00,on-demand,GTX 1660 S,2,5,0.047222,0.148194,0.249167,0.350139,0.451111,0.047222,0.973188
2026-08-03T00:03:46+00:00,on-demand,GTX 1660 Ti,1,1,0.611111,0.611111,0.611111,0.611111,0.611111,0.611111,0.991534
2026-08-03T00:03:46+00:00,on-demand,H100 NVL,6,12,2.136593,2.161852,2.415185,2.667963,3.067444,2.162222,0.996044
2026-08-03T00:03:46+00:00,on-demand,H100 PCIE,5,18,0.800074,1.733611,1.733889,1.867222,2.135556,2.001389,0.969798
2026-08-03T00:03:46+00:00,on-demand,H100 SXM,14,42,1.482778,2.190741,2.353611,2.77912,4.286889,2.920556,0.994521
2026-08-03T00:03:46+00:00,on-demand,H200,6,12,3.816155,3.935124,4.007858,4.080866,5.527412,4.007858,0.997672
2026-08-03T00:03:46+00:00,on-demand,H200 NVL,6,9,2.751111,3.0825,3.162037,3.808519,4.183111,3.567222,0.996335
2026-08-03T00:03:46+00:00,on-demand,L4,3,4,0.027111,0.141333,0.255556,0.295,0.334444,0.334444,0.989705
2026-08-03T00:03:46+00:00,on-demand,L40,3,4,0.457037,0.492222,0.527407,0.552593,0.577778,0.527407,0.994368
2026-08-03T00:03:46+00:00,on-demand,L40S,17,62,0.40037,0.467037,0.733704,0.802222,1.074074,0.737037,0.995691
2026-08-03T00:03:46+00:00,on-demand,Q RTX 6000,1,4,0.133704,0.133704,0.133704,0.133704,0.133704,0.133704,0.998599
2026-08-03T00:03:46+00:00,on-demand,Q RTX 8000,4,8,0.240556,0.240972,0.247407,0.2605,0.280889,0.247407,0.999052
2026-08-03T00:03:46+00:00,on-demand,Quadro GV100,1,1,0.467407,0.467407,0.467407,0.467407,0.467407,,0.969331
2026-08-03T00:03:46+00:00,on-demand,Quadro P4000,3,4,0.040741,0.041111,0.041481,0.054407,0.067333,0.067333,0.959288
2026-08-03T00:03:46+00:00,on-demand,RTX 2060,2,3,0.052593,0.142222,0.231852,0.321481,0.411111,0.411111,0.985326
2026-08-03T00:03:46+00:00,on-demand,RTX 2070S,2,13,0.073498,0.073549,0.073601,0.073652,0.073704,,0.992353
2026-08-03T00:03:46+00:00,on-demand,RTX 2080 Ti,9,30,0.068889,0.080022,0.080056,0.080111,0.811111,0.080056,0.988497
2026-08-03T00:03:46+00:00,on-demand,RTX 3060,15,47,0.028889,0.056222,0.080463,0.335185,1.335556,0.093611,0.994896
2026-08-03T00:03:46+00:00,on-demand,RTX 3060 Ti,2,2,0.068889,0.291556,0.514222,0.736889,0.959556,0.959556,0.93643
2026-08-03T00:03:46+00:00,on-demand,RTX 3060 laptop,5,14,0.026685,0.026815,0.041111,0.042222,0.134444,0.134444,0.997071
2026-08-03T00:03:46+00:00,on-demand,RTX 3070,14,58,0.042222,0.067183,0.087253,0.107014,0.562222,0.087253,0.990988
2026-08-03T00:03:46+00:00,on-demand,RTX 3080,13,53,0.060222,0.082222,0.113556,0.250999,0.252326,0.124556,0.996821
2026-08-03T00:03:46+00:00,on-demand,RTX 3080 Ti,4,4,0.116889,0.130889,0.157556,0.301889,0.668889,0.179556,0.993968
2026-08-03T00:03:46+00:00,on-demand,RTX 3090,38,122,0.08037,0.135194,0.162593,0.317847,1.336296,0.241111,0.991645
2026-08-03T00:03:46+00:00,on-demand,RTX 3090 Ti,1,1,0.175556,0.175556,0.175556,0.175556,0.175556,,0.993291
2026-08-03T00:03:46+00:00,on-demand,RTX 4000Ada,2,3,0.094296,0.121278,0.148259,0.175241,0.202222,,0.99333
2026-08-03T00:03:46+00:00,on-demand,RTX 4060,6,11,0.053926,0.055778,0.060333,0.063611,2.677778,0.061111,0.986511
2026-08-03T00:03:46+00:00,on-demand,RTX 4060 Ti,3,9,0.081111,0.081667,0.082222,0.091235,0.100247,0.100247,0.984174
2026-08-03T00:03:46+00:00,on-demand,RTX 4060 laptop,1,1,0.148148,0.148148,0.148148,0.148148,0.148148,0.148148,0.996562
2026-08-03T00:03:46+00:00,on-demand,RTX 4070,4,8,0.081111,0.081944,0.082222,0.085926,0.097037,0.097037,0.993621
2026-08-03T00:03:46+00:00,on-demand,RTX 4070 Ti,8,14,0.083778,0.095556,0.116296,0.252139,0.282444,0.116296,0.991737
2026-08-03T00:03:46+00:00,on-demand,RTX 4070S,6,24,0.081204,0.086019,0.091759,0.105139,0.109074,0.091759,0.989334
2026-08-03T00:03:46+00:00,on-demand,RTX 4070S Ti,9,25,0.068889,0.121111,0.201111,0.253611,0.254444,0.248889,0.998333
2026-08-03T00:03:46+00:00,on-demand,RTX 4080,12,32,0.121481,0.156667,0.187056,0.261796,0.295556,0.224352,0.990406
2026-08-03T00:03:46+00:00,on-demand,RTX 4080S,18,60,0.11716,0.147778,0.175815,0.202185,0.265593,0.200556,0.992151
2026-08-03T00:03:46+00:00,on-demand,RTX 4090,56,187,0.134444,0.320972,0.402222,0.60081,2.005926,0.541065,0.995119
2026-08-03T00:03:46+00:00,on-demand,RTX 4090D,9,25,0.160278,0.161111,0.390074,0.667222,0.668889,0.390444,0.967226
2026-08-03T00:03:46+00:00,on-demand,RTX 5000Ada,2,2,0.442222,0.445556,0.448889,0.452222,0.455556,0.442222,0.99376
2026-08-03T00:03:46+00:00,on-demand,RTX 5060,3,3,0.05363,0.065333,0.077037,0.116296,0.155556,0.116296,0.995146
2026-08-03T00:03:46+00:00,on-demand,RTX 5060 Ti,16,44,0.068889,0.089019,0.1075,0.135648,0.200741,0.136111,0.994471
2026-08-03T00:03:46+00:00,on-demand,RTX 5060 laptop,1,1,0.135556,0.135556,0.135556,0.135556,0.135556,,0.97084
2026-08-03T00:03:46+00:00,on-demand,RTX 5070,6,8,0.015556,0.0975,0.108963,0.130037,0.148889,0.104444,0.995532
2026-08-03T00:03:46+00:00,on-demand,RTX 5070 Ti,8,17,0.134074,0.134722,0.168333,0.210296,0.400333,0.185037,0.992967
2026-08-03T00:03:46+00:00,on-demand,RTX 5080,21,59,0.134074,0.162963,0.200317,0.254222,12.002963,0.194352,0.991722
2026-08-03T00:03:46+00:00,on-demand,RTX 5090,53,164,0.212889,0.402222,0.627037,0.800741,5.13357,0.711111,0.991387
2026-08-03T00:03:46+00:00,on-demand,RTX 5880Ada,3,7,0.413852,0.541185,0.668519,0.669444,0.67037,0.668519,0.994573
2026-08-03T00:03:46+00:00,on-demand,RTX 6000Ada,9,21,0.441111,0.565926,0.600278,0.681037,0.737778,0.680556,0.996678
2026-08-03T00:03:46+00:00,on-demand,RTX A2000,6,7,0.034074,0.121,0.434519,0.823481,1.335556,,0.994771
2026-08-03T00:03:46+00:00,on-demand,RTX A4000,4,26,0.067259,0.107023,0.126898,0.137542,0.149611,0.120278,0.982449
2026-08-03T00:03:46+00:00,on-demand,RTX A4500,2,2,0.114519,0.404593,0.694667,0.984741,1.274815,,0.967486
2026-08-03T00:03:46+00:00,on-demand,RTX A5000,6,22,0.230984,0.231139,0.231315,0.231685,0.377037,0.231315,0.997981
2026-08-03T00:03:46+00:00,on-demand,RTX A6000,9,27,0.333889,0.387778,0.402222,0.414444,1.200556,,0.982858
2026-08-03T00:03:46+00:00,on-demand,RTX PRO 4000,9,15,0.134444,0.215556,0.267778,0.271807,0.337037,0.271807,0.988223
2026-08-03T00:03:46+00:00,on-demand,RTX PRO 4500,1,1,0.282222,0.282222,0.282222,0.282222,0.282222,,0.99573
2026-08-03T00:03:46+00:00,on-demand,RTX PRO 5000,11,34,0.601037,0.640417,0.826944,0.842778,0.944148,0.734028,0.990759
2026-08-03T00:03:46+00:00,on-demand,RTX PRO 6000 S,12,45,1.066759,1.268403,1.667315,1.771425,1.878108,1.600556,0.994092
2026-08-03T00:03:46+00:00,on-demand,RTX PRO 6000 WS,16,29,0.922222,1.047639,1.180025,1.725185,13.335556,1.201827,0.993982
2026-08-03T00:03:46+00:00,on-demand,Tesla P100,4,6,0.081481,0.081481,0.141296,0.201389,0.202222,0.201111,0.991387
2026-08-03T00:03:46+00:00,on-demand,Tesla P4,1,1,0.023259,0.023259,0.023259,0.023259,0.023259,,0.992653
2026-08-03T00:03:46+00:00,on-demand,Tesla P40,3,7,0.132556,0.132833,0.133111,0.167667,0.202222,0.132833,0.993668
2026-08-03T00:03:46+00:00,on-demand,Tesla T4,2,3,12.000741,12.000926,12.001111,12.001296,12.001481,,0.972404
2026-08-03T00:03:46+00:00,on-demand,Tesla V100,19,58,0.027778,0.040833,0.095556,0.167315,0.334444,0.196167,0.988965
2026-08-03T00:03:46+00:00,on-demand,Titan RTX,5,10,0.134444,0.135185,0.137037,0.162222,0.200556,0.148333,0.993787
2026-08-03T00:03:46+00:00,on-demand,Titan Xp,1,1,0.055556,0.055556,0.055556,0.055556,0.055556,0.055556,0.996161
2026-08-03T00:03:46+00:00,bid,A100 PCIE,31,54,0.134444,0.135556,0.142222,0.267778,0.46963,0.202222,0.99437
2026-08-03T00:03:46+00:00,bid,A100 SXM4,43,82,0.130316,0.401481,0.668519,0.802667,0.987222,0.602593,0.991852
2026-08-03T00:03:46+00:00,bid,A10g,1,1,0.081185,0.081185,0.081185,0.081185,0.081185,,0.951981
2026-08-03T00:03:46+00:00,bid,A800 PCIE,7,12,0.129889,0.130444,0.131556,0.131556,0.131556,,0.994687
2026-08-03T00:03:46+00:00,bid,B200,22,85,5.000347,5.001563,5.303646,5.626389,7.376042,5.303646,0.990737
2026-08-03T00:03:46+00:00,bid,B300,1,2,3.751042,3.751042,3.751042,3.751042,3.751042,3.751042,0.985178
2026-08-03T00:03:46+00:00,bid,CMP 170HX,1,1,0.137778,0.137778,0.137778,0.137778,0.137778,,0.895107
2026-08-03T00:03:46+00:00,bid,GTX 1050 Ti,1,1,0.024444,0.024444,0.024444,0.024444,0.024444,,0.986673
2026-08-03T00:03:46+00:00,bid,GTX 1060,2,2,0.031111,0.04037,0.04963,0.058889,0.068148,0.068148,0.996702
2026-08-03T00:03:46+00:00,bid,GTX 1070,1,1,0.024444,0.024444,0.024444,0.024444,0.024444,0.024444,0.992679
2026-08-03T00:03:46+00:00,bid,GTX 1070 Ti,3,14,0.04037,0.040463,0.040556,0.040556,0.040556,0.040556,0.9839
2026-08-03T00:03:46+00:00,bid,GTX 1080,4,10,0.037037,0.039537,0.040741,0.041389,0.042222,0.041111,0.982215
2026-08-03T00:03:46+00:00,bid,GTX 1080 Ti,7,18,0.028889,0.040556,0.041111,0.048056,0.054444,0.041667,0.997294
2026-08-03T00:03:46+00:00,bid,GTX 1650 S,1,1,0.037778,0.037778,0.037778,0.037778,0.037778,,0.989533
2026-08-03T00:03:46+00:00,bid,GTX 1660,1,1,0.037778,0.037778,0.037778,0.037778,0.037778,,0.995188
2026-08-03T00:03:46+00:00,bid,GTX 1660 S,2,5,0.031111,0.033472,0.035833,0.038194,0.040556,0.040556,0.973188
2026-08-03T00:03:46+00:00,bid,GTX 1660 Ti,1,1,0.037778,0.037778,0.037778,0.037778,0.037778,0.037778,0.991534
2026-08-03T00:03:46+00:00,bid,H100 NVL,7,12,0.803259,0.806519,1.334444,1.668167,2.122963,1.334444,0.993513
2026-08-03T00:03:46+00:00,bid,H100 PCIE,6,20,0.400074,1.467014,1.467389,1.467972,1.602222,1.468111,0.972734
2026-08-03T00:03:46+00:00,bid,H100 SXM,20,58,0.89,1.003,1.913537,2.288056,4.002222,1.006519,0.993562
2026-08-03T00:03:46+00:00,bid,H200,5,10,1.935307,3.486404,3.81652,3.817251,5.983741,3.81652,0.99767
2026-08-03T00:03:46+00:00,bid,H200 NVL,11,14,0.602222,0.836,1.006667,1.339333,3.477778,1.006667,0.997169
2026-08-03T00:03:46+00:00,bid,L4,9,16,0.135556,0.202222,0.267778,0.321111,0.322222,0.294167,0.998033
2026-08-03T00:03:46+00:00,bid,L40,5,6,0.403704,0.471111,0.480741,0.481481,0.481481,0.480741,0.994368
2026-08-03T00:03:46+00:00,bid,L40S,40,118,0.200185,0.333704,0.47037,0.540741,0.933611,0.535185,0.995691
2026-08-03T00:03:46+00:00,bid,Q RTX 8000,4,5,0.017222,0.078722,0.0995,0.099778,0.099778,0.0995,0.999421
2026-08-03T00:03:46+00:00,bid,Quadro GV100,1,1,0.134074,0.134074,0.134074,0.134074,0.134074,,0.969331
2026-08-03T00:03:46+00:00,bid,Quadro P4000,3,4,0.040741,0.041111,0.041481,0.044407,0.047333,0.047333,0.969577
2026-08-03T00:03:46+00:00,bid,RTX 2060,3,4,0.027259,0.029185,0.031111,0.183333,0.335556,0.183333,0.994463
2026-08-03T00:03:46+00:00,bid,RTX 2060S,3,7,0.041111,0.044044,0.046978,0.085341,0.123704,0.085341,0.985139
2026-08-03T00:03:46+00:00,bid,RTX 2070S,4,23,0.053667,0.06354,0.066842,0.066898,0.067037,0.053667,0.987602
2026-08-03T00:03:46+00:00,bid,RTX 2080 Ti,4,4,0.037778,0.041111,0.075185,0.111482,0.121481,0.108148,0.995264
2026-08-03T00:03:46+00:00,bid,RTX 3060,17,47,0.024741,0.041111,0.042222,0.066944,0.134815,0.06125,0.993643
2026-08-03T00:03:46+00:00,bid,RTX 3060 Ti,3,3,0.055556,0.056296,0.057037,0.296296,0.535556,0.296296,0.97966
2026-08-03T00:03:46+00:00,bid,RTX 3060 laptop,6,17,0.013352,0.019722,0.051716,0.066469,0.101111,0.066963,0.995549
2026-08-03T00:03:46+00:00,bid,RTX 3070,10,31,0.040444,0.044236,0.063667,0.087546,0.495556,0.081204,0.99695
2026-08-03T00:03:46+00:00,bid,RTX 3080,15,44,0.041111,0.067222,0.120593,0.190721,0.241659,0.13087,0.992452
2026-08-03T00:03:46+00:00,bid,RTX 3080 Ti,5,7,0.087407,0.095556,0.108889,0.175556,0.602222,0.108889,0.992623
2026-08-03T00:03:46+00:00,bid,RTX 3090,67,170,0.016296,0.10704,0.133611,0.175185,0.42963,0.134741,0.993467
2026-08-03T00:03:46+00:00,bid,RTX 4000Ada,2,3,0.054296,0.081278,0.108259,0.135241,0.162222,,0.99333
2026-08-03T00:03:46+00:00,bid,RTX 4060,2,2,0.031111,0.037222,0.043333,0.049444,0.055556,0.055556,0.992707
2026-08-03T00:03:46+00:00,bid,RTX 4060 Ti,6,15,0.041111,0.076056,0.088704,0.100963,0.107778,0.101111,0.997381
2026-08-03T00:03:46+00:00,bid,RTX 4070,7,13,0.028889,0.061111,0.075222,0.124259,0.162222,0.087407,0.997358
2026-08-03T00:03:46+00:00,bid,RTX 4070 Ti,8,13,0.082222,0.108704,0.162222,0.240694,0.241111,0.108889,0.991302
2026-08-03T00:03:46+00:00,bid,RTX 4070S,13,47,0.06787,0.071481,0.076296,0.094537,0.102222,0.07875,0.991669
2026-08-03T00:03:46+00:00,bid,RTX 4070S Ti,11,30,0.111481,0.167083,0.167778,0.201111,0.202222,0.167778,0.998719
2026-08-03T00:03:46+00:00,bid,RTX 4080,14,37,0.133593,0.146898,0.147407,0.194278,0.255556,0.147407,0.990406
2026-08-03T00:03:46+00:00,bid,RTX 4080S,18,42,0.086494,0.122667,0.187741,0.201694,0.240519,0.202074,0.991069
2026-08-03T00:03:46+00:00,bid,RTX 4090,87,221,0.134444,0.223778,0.335556,0.40363,0.683556,0.374815,0.995433
2026-08-03T00:03:46+00:00,bid,RTX 4090D,4,8,0.604556,0.604972,0.605667,0.606222,0.606222,,0.967226
2026-08-03T00:03:46+00:00,bid,RTX 5000Ada,2,2,0.268889,0.288972,0.309056,0.329139,0.349222,0.309056,0.996595
2026-08-03T00:03:46+00:00,bid,RTX 5060,4,5,0.040296,0.040907,0.048333,0.065556,0.095556,0.055556,0.991055
2026-08-03T00:03:46+00:00,bid,RTX 5060 Ti,24,66,0.027407,0.054444,0.080463,0.11463,0.801481,0.099593,0.994885
2026-08-03T00:03:46+00:00,bid,RTX 5070,5,7,0.055556,0.06563,0.087222,0.161111,0.162222,0.124167,0.99618
2026-08-03T00:03:46+00:00,bid,RTX 5070 Ti,14,24,0.068889,0.098611,0.107963,0.135556,0.268,0.108148,0.997312
2026-08-03T00:03:46+00:00,bid,RTX 5080,18,38,0.081111,0.120602,0.142833,0.176296,10.802963,0.162037,0.99364
2026-08-03T00:03:46+00:00,bid,RTX 5090,92,188,0.102222,0.270639,0.354537,0.503056,0.845926,0.335556,0.995337
2026-08-03T00:03:46+00:00,bid,RTX 5880Ada,9,15,0.267185,0.295185,0.297037,0.297037,0.297037,0.297037,0.996008
2026-08-03T00:03:46+00:00,bid,RTX 6000Ada,21,35,0.137778,0.139259,0.402222,0.467704,0.74963,0.402222,0.995458
2026-08-03T00:03:46+00:00,bid,RTX A2000,4,4,0.03037,0.307704,0.413481,0.436815,0.466815,0.03037,0.970069
2026-08-03T00:03:46+00:00,bid,RTX A4000,8,53,0.053926,0.093843,0.100345,0.113528,0.133611,,0.971043
2026-08-03T00:03:46+00:00,bid,RTX A4500,2,2,0.081185,0.081185,0.081185,0.081185,0.081185,,0.936922
2026-08-03T00:03:46+00:00,bid,RTX A5000,4,13,0.11037,0.197831,0.227196,0.2275,0.227778,0.227196,0.998134
2026-08-03T00:03:46+00:00,bid,RTX A6000,11,21,0.202593,0.334259,0.361111,0.375,0.387778,,0.982858
2026-08-03T00:03:46+00:00,bid,RTX PRO 4000,10,17,0.067778,0.132222,0.235,0.241481,0.244741,0.241481,0.992835
2026-08-03T00:03:46+00:00,bid,RTX PRO 4500,1,1,0.27037,0.27037,0.27037,0.27037,0.27037,0.27037,0.996509
2026-08-03T00:03:46+00:00,bid,RTX PRO 5000,23,52,0.165185,0.401481,0.468889,0.53375,0.803704,0.468333,0.988936
2026-08-03T00:03:46+00:00,bid,RTX PRO 6000 S,24,57,0.335556,0.693611,1.067778,1.200764,1.467778,1.068148,0.997987
2026-08-03T00:03:46+00:00,bid,RTX PRO 6000 WS,28,43,0.122222,0.635407,0.867284,1.010185,1.602222,0.933852,0.993551
2026-08-03T00:03:46+00:00,bid,Tesla P100,4,5,0.041481,0.111204,0.135,0.135556,0.135556,0.135556,0.991387
2026-08-03T00:03:46+00:00,bid,Tesla P4,1,1,0.011926,0.011926,0.011926,0.011926,0.011926,,0.992653
2026-08-03T00:03:46+00:00,bid,Tesla P40,4,9,0.026815,0.05612,0.066167,0.066444,0.066444,0.066444,0.993668
2026-08-03T00:03:46+00:00,bid,Tesla T4,2,3,3.400741,3.400926,3.401111,3.401296,3.401481,,0.972404
2026-08-03T00:03:46+00:00,bid,Tesla V100,32,96,0.013611,0.028611,0.114583,0.160694,0.242222,0.160556,0.992424
2026-08-03T00:03:46+00:00,bid,Titan RTX,6,15,0.094444,0.107361,0.118148,0.129546,0.135556,0.107778,0.983472
2026-08-03T00:03:46+00:00,bid,Titan Xp,1,1,0.042222,0.042222,0.042222,0.042222,0.042222,0.042222,0.998085
2026-08-03T00:08:45+00:00,on-demand,A100 PCIE,12,31,0.268148,0.334306,0.794429,1.001389,1.536764,0.90604,0.994947
2026-08-03T00:08:45+00:00,on-demand,A100 SXM4,27,68,0.267407,0.864074,0.934815,1.067037,1.735185,0.949778,0.991185
2026-08-03T00:08:45+00:00,on-demand,A10g,1,1,0.161185,0.161185,0.161185,0.161185,0.161185,,0.951981
2026-08-03T00:08:45+00:00,on-demand,A800 PCIE,3,7,0.667222,0.6675,0.667778,0.668333,0.668889,,0.994687
2026-08-03T00:08:45+00:00,on-demand,B200,13,46,3.751389,5.002083,6.252604,7.552431,9.788889,6.472656,0.997233
2026-08-03T00:08:45+00:00,on-demand,B300,1,2,8.438542,8.438542,8.438542,8.438542,8.438542,8.438542,0.985178
2026-08-03T00:08:45+00:00,on-demand,CMP 170HX,1,1,0.191111,0.191111,0.191111,0.191111,0.191111,,0.895107
2026-08-03T00:08:45+00:00,on-demand,GTX 1050 Ti,1,1,0.611111,0.611111,0.611111,0.611111,0.611111,,0.986673
2026-08-03T00:08:45+00:00,on-demand,GTX 1060,2,2,0.088148,0.152222,0.216296,0.28037,0.344444,0.088148,0.996702
2026-08-03T00:08:45+00:00,on-demand,GTX 1070,1,1,0.531111,0.531111,0.531111,0.531111,0.531111,0.531111,0.992679
2026-08-03T00:08:45+00:00,on-demand,GTX 1070 Ti,2,8,0.04837,0.048556,0.048741,0.048926,0.049111,0.048741,0.98784
2026-08-03T00:08:45+00:00,on-demand,GTX 1080,3,4,0.027778,0.039074,0.05037,0.058889,0.067407,0.067407,0.969542
2026-08-03T00:08:45+00:00,on-demand,GTX 1080 Ti,4,8,0.039556,0.055306,0.062833,0.065389,0.066222,0.065111,0.997549
2026-08-03T00:08:45+00:00,on-demand,GTX 1650 S,1,1,0.677778,0.677778,0.677778,0.677778,0.677778,,0.989533
2026-08-03T00:08:45+00:00,on-demand,GTX 1660,1,1,0.677778,0.677778,0.677778,0.677778,0.677778,,0.995188
2026-08-03T00:08:45+00:00,on-demand,GTX 1660 S,2,5,0.047222,0.148194,0.249167,0.350139,0.451111,0.047222,0.973188
2026-08-03T00:08:45+00:00,on-demand,GTX 1660 Ti,1,1,0.611111,0.611111,0.611111,0.611111,0.611111,0.611111,0.991534
2026-08-03T00:08:45+00:00,on-demand,GTX TITAN X,1,1,0.031556,0.031556,0.031556,0.031556,0.031556,,0.987389
2026-08-03T00:08:45+00:00,on-demand,H100 NVL,5,10,2.522222,2.667407,2.667778,2.668148,3.067444,2.667778,0.993513
2026-08-03T00:08:45+00:00,on-demand,H100 PCIE,6,20,0.800074,1.733681,1.800556,1.967639,2.135556,2.001111,0.972734
2026-08-03T00:08:45+00:00,on-demand,H100 SXM,15,43,1.485556,2.211407,2.354074,2.927778,4.287111,2.921111,0.993166
2026-08-03T00:08:45+00:00,on-demand,H200,6,12,3.816155,3.935124,4.007858,4.080866,5.527412,4.007858,0.99772
2026-08-03T00:08:45+00:00,on-demand,H200 NVL,6,9,2.733778,3.0825,3.162037,3.808519,4.651556,3.567222,0.996335
2026-08-03T00:08:45+00:00,on-demand,L4,4,8,0.025926,0.198148,0.294722,0.334028,0.334444,0.334167,0.993866
2026-08-03T00:08:45+00:00,on-demand,L40,3,4,0.457037,0.492222,0.527407,0.552593,0.577778,0.527407,0.994368
2026-08-03T00:08:45+00:00,on-demand,L40S,17,62,0.40037,0.467037,0.733704,0.803704,1.074074,0.803704,0.996422
2026-08-03T00:08:45+00:00,on-demand,Q RTX 6000,1,4,0.133704,0.133704,0.133704,0.133704,0.133704,0.133704,0.998599
2026-08-03T00:08:45+00:00,on-demand,Q RTX 8000,4,8,0.253704,0.253981,0.262593,0.273556,0.280889,0.262593,0.998684
2026-08-03T00:08:45+00:00,on-demand,Quadro GV100,1,1,0.467407,0.467407,0.467407,0.467407,0.467407,,0.969331
2026-08-03T00:08:45+00:00,on-demand,Quadro P4000,3,4,0.040741,0.044444,0.048148,0.050185,0.052222,0.052222,0.969577
2026-08-03T00:08:45+00:00,on-demand,RTX 2060,2,3,0.052593,0.142222,0.231852,0.321481,0.411111,0.411111,0.985326
2026-08-03T00:08:45+00:00,on-demand,RTX 2070S,2,12,0.073519,0.073565,0.073611,0.073657,0.073704,,0.987602
2026-08-03T00:08:45+00:00,on-demand,RTX 2080 Ti,9,30,0.068889,0.080022,0.080056,0.080111,0.811111,0.080056,0.992648
2026-08-03T00:08:45+00:00,on-demand,RTX 3060,12,38,0.034444,0.05387,0.070648,0.370556,1.335556,0.18088,0.996159
2026-08-03T00:08:45+00:00,on-demand,RTX 3060 Ti,2,2,0.068889,0.291556,0.514222,0.736889,0.959556,0.959556,0.93643
2026-08-03T00:08:45+00:00,on-demand,RTX 3060 laptop,4,12,0.026685,0.026782,0.033963,0.041389,0.042222,,0.993504
2026-08-03T00:08:45+00:00,on-demand,RTX 3070,13,52,0.041111,0.067222,0.100617,0.107037,0.562222,0.103781,0.990945
2026-08-03T00:08:45+00:00,on-demand,RTX 3080,13,46,0.060222,0.108889,0.113556,0.250999,0.252326,0.144889,0.996444
2026-08-03T00:08:45+00:00,on-demand,RTX 3080 Ti,7,9,0.095556,0.112333,0.131156,0.13537,0.668889,0.119467,0.995314
2026-08-03T00:08:45+00:00,on-demand,RTX 3090,40,129,0.080003,0.134236,0.148889,0.268171,1.336296,0.242222,0.993248
2026-08-03T00:08:45+00:00,on-demand,RTX 3090 Ti,1,1,0.175556,0.175556,0.175556,0.175556,0.175556,,0.993292
2026-08-03T00:08:45+00:00,on-demand,RTX 4000Ada,2,3,0.094296,0.121278,0.148259,0.175241,0.202222,,0.99333
2026-08-03T00:08:45+00:00,on-demand,RTX 4060,5,9,0.051852,0.053926,0.054519,0.061111,2.677778,0.056481,0.976836
2026-08-03T00:08:45+00:00,on-demand,RTX 4060 Ti,2,3,0.081111,0.081389,0.081667,0.081944,0.082222,,0.984174
2026-08-03T00:08:45+00:00,on-demand,RTX 4070,4,11,0.081111,0.081944,0.085556,0.090231,0.094259,0.091574,0.991197
2026-08-03T00:08:45+00:00,on-demand,RTX 4070 Ti,8,14,0.083778,0.097222,0.148519,0.252139,0.282444,0.13,0.991302
2026-08-03T00:08:45+00:00,on-demand,RTX 4070S,8,29,0.082407,0.088426,0.091759,0.100486,0.108889,0.091759,0.991734
2026-08-03T00:08:45+00:00,on-demand,RTX 4070S Ti,9,25,0.068889,0.124815,0.201111,0.247778,0.253889,0.246944,0.998333
2026-08-03T00:08:45+00:00,on-demand,RTX 4080,10,29,0.120926,0.174954,0.224352,0.261981,0.293852,0.224352,0.990406
2026-08-03T00:08:45+00:00,on-demand,RTX 4080S,16,54,0.147222,0.148333,0.169444,0.202111,0.265852,0.151111,0.989243
2026-08-03T00:08:45+00:00,on-demand,RTX 4090,53,188,0.135556,0.333651,0.401111,0.601852,2.005926,0.500509,0.994713
2026-08-03T00:08:45+00:00,on-demand,RTX 4090D,9,25,0.160278,0.161111,0.386074,0.667222,0.668889,0.386444,0.967226
2026-08-03T00:08:45+00:00,on-demand,RTX 5000Ada,2,2,0.375556,0.395556,0.415556,0.435556,0.455556,0.375556,0.991972
2026-08-03T00:08:45+00:00,on-demand,RTX 5060,3,3,0.070222,0.109556,0.148889,0.152222,0.155556,0.112889,0.992074
2026-08-03T00:08:45+00:00,on-demand,RTX 5060 Ti,16,44,0.068889,0.080625,0.101019,0.115972,0.200741,0.117685,0.99439
2026-08-03T00:08:45+00:00,on-demand,RTX 5060 laptop,1,1,0.135556,0.135556,0.135556,0.135556,0.135556,,0.97084
2026-08-03T00:08:45+00:00,on-demand,RTX 5070,8,13,0.015556,0.10213,0.117481,0.126389,0.201111,0.123333,0.996201
2026-08-03T00:08:45+00:00,on-demand,RTX 5070 Ti,10,21,0.120556,0.134907,0.157926,0.201944,0.400667,0.137037,0.99637
2026-08-03T00:08:45+00:00,on-demand,RTX 5080,21,59,0.133704,0.173889,0.200556,0.281111,12.002963,0.208056,0.993237
2026-08-03T00:08:45+00:00,on-demand,RTX 5090,61,188,0.212889,0.426852,0.535926,0.800185,5.13357,0.694259,0.992954
2026-08-03T00:08:45+00:00,on-demand,RTX 5880Ada,4,9,0.413852,0.414241,0.541444,0.668981,0.67037,0.541444,0.996974
2026-08-03T00:08:45+00:00,on-demand,RTX 6000Ada,8,20,0.441111,0.550139,0.609769,0.694667,0.78963,0.619259,0.996639
2026-08-03T00:08:45+00:00,on-demand,RTX A2000,5,6,0.034074,0.036148,0.375556,0.493481,1.335556,,0.995214
2026-08-03T00:08:45+00:00,on-demand,RTX A4000,5,37,0.080741,0.120278,0.133468,0.133519,0.150944,0.120278,0.97131
2026-08-03T00:08:45+00:00,on-demand,RTX A4500,2,2,0.114519,0.404593,0.694667,0.984741,1.274815,,0.967486
2026-08-03T00:08:45+00:00,on-demand,RTX A5000,4,13,0.231111,0.231194,0.231315,0.267481,0.375704,0.231315,0.997981
2026-08-03T00:08:45+00:00,on-demand,RTX A6000,11,33,0.333889,0.400648,0.401111,0.802361,1.201111,0.404444,0.982858
2026-08-03T00:08:45+00:00,on-demand,RTX PRO 4000,7,10,0.134444,0.195556,0.267704,0.29337,0.337037,0.317852,0.98578
2026-08-03T00:08:45+00:00,on-demand,RTX PRO 4500,1,1,0.308889,0.308889,0.308889,0.308889,0.308889,,0.959368
2026-08-03T00:08:45+00:00,on-demand,RTX PRO 5000,10,27,0.601037,0.685463,0.827361,0.843241,0.943407,0.826944,0.991238
2026-08-03T00:08:45+00:00,on-demand,RTX PRO 6000 S,12,45,1.066759,1.317917,1.667176,1.771425,1.878108,1.600278,0.994508
2026-08-03T00:08:45+00:00,on-demand,RTX PRO 6000 WS,16,30,0.868148,1.067639,1.335741,1.725185,13.335556,1.469259,0.995742
2026-08-03T00:08:45+00:00,on-demand,Tesla P100,4,6,0.081481,0.081481,0.141296,0.201389,0.202222,0.201111,0.991387
2026-08-03T00:08:45+00:00,on-demand,Tesla P4,1,1,0.023259,0.023259,0.023259,0.023259,0.023259,,0.992653
2026-08-03T00:08:45+00:00,on-demand,Tesla P40,4,8,0.106815,0.12612,0.132833,0.150389,0.202222,0.132833,0.992687
2026-08-03T00:08:45+00:00,on-demand,Tesla T4,2,3,12.000741,12.000926,12.001111,12.001296,12.001481,,0.972404
2026-08-03T00:08:45+00:00,on-demand,Tesla V100,13,40,0.027778,0.040556,0.093611,0.149481,0.268889,0.158213,0.986997
2026-08-03T00:08:45+00:00,on-demand,Titan RTX,5,10,0.134444,0.135185,0.135556,0.137037,0.200556,0.135,0.993787
2026-08-03T00:08:45+00:00,on-demand,Titan Xp,1,1,0.055556,0.055556,0.055556,0.055556,0.055556,0.055556,0.998085
2026-08-03T00:08:45+00:00,bid,A100 PCIE,36,65,0.133889,0.135556,0.140833,0.267778,0.463431,0.168333,0.993309
2026-08-03T00:08:45+00:00,bid,A100 SXM4,37,72,0.130316,0.401481,0.601296,0.802222,0.987222,0.601296,0.988769
2026-08-03T00:08:45+00:00,bid,A10g,1,1,0.081185,0.081185,0.081185,0.081185,0.081185,,0.951981
2026-08-03T00:08:45+00:00,bid,A800 PCIE,7,12,0.129889,0.130444,0.131556,0.131556,0.131556,,0.994687
2026-08-03T00:08:45+00:00,bid,B200,24,98,5.000347,5.002604,5.625347,5.626389,7.376042,5.625347,0.989811
2026-08-03T00:08:45+00:00,bid,B300,1,2,3.751042,3.751042,3.751042,3.751042,3.751042,3.751042,0.985178
2026-08-03T00:08:45+00:00,bid,CMP 170HX,1,1,0.137778,0.137778,0.137778,0.137778,0.137778,,0.895107
2026-08-03T00:08:45+00:00,bid,GTX 1050 Ti,1,1,0.024444,0.024444,0.024444,0.024444,0.024444,,0.986673
2026-08-03T00:08:45+00:00,bid,GTX 1060,2,2,0.031111,0.04037,0.04963,0.058889,0.068148,0.068148,0.996702
2026-08-03T00:08:45+00:00,bid,GTX 1070,1,1,0.024444,0.024444,0.024444,0.024444,0.024444,0.024444,0.992679
2026-08-03T00:08:45+00:00,bid,GTX 1070 Ti,2,3,0.041111,0.041389,0.041667,0.041944,0.042222,0.041667,0.98784
2026-08-03T00:08:45+00:00,bid,GTX 1080,4,17,0.014815,0.033981,0.04037,0.040417,0.040556,0.04037,0.984342
2026-08-03T00:08:45+00:00,bid,GTX 1080 Ti,5,12,0.028889,0.040556,0.041111,0.042222,0.053889,0.041667,0.997294
2026-08-03T00:08:45+00:00,bid,GTX 1650 S,1,1,0.037778,0.037778,0.037778,0.037778,0.037778,,0.989533
2026-08-03T00:08:45+00:00,bid,GTX 1660,1,1,0.037778,0.037778,0.037778,0.037778,0.037778,,0.995188
2026-08-03T00:08:45+00:00,bid,GTX 1660 S,2,5,0.031111,0.033472,0.035833,0.038194,0.040556,0.040556,0.973188
2026-08-03T00:08:45+00:00,bid,GTX 1660 Ti,1,1,0.037778,0.037778,0.037778,0.037778,0.037778,0.037778,0.991534
2026-08-03T00:08:45+00:00,bid,H100 NVL,6,11,0.803259,0.806519,1.403648,2.091306,2.122963,1.403648,0.996571
2026-08-03T00:08:45+00:00,bid,H100 PCIE,7,21,0.400074,1.467083,1.467556,1.535167,1.602222,1.535167,0.97567
2026-08-03T00:08:45+00:00,bid,H100 SXM,17,51,0.89,1.002222,2.160185,2.534444,4.002222,1.006519,0.993562
2026-08-03T00:08:45+00:00,bid,H200,5,10,2.631944,3.486404,3.81652,3.817251,3.948465,3.81652,0.997735
2026-08-03T00:08:45+00:00,bid,H200 NVL,7,8,0.602222,0.802778,1.006667,1.647889,3.477778,1.339556,0.997169
2026-08-03T00:08:45+00:00,bid,L4,13,19,0.135556,0.201481,0.215556,0.320556,0.322222,0.235,0.998033
2026-08-03T00:08:45+00:00,bid,L40,3,4,0.471111,0.475926,0.480741,0.481111,0.481481,0.480741,0.994368
2026-08-03T00:08:45+00:00,bid,L40S,38,115,0.200185,0.351389,0.47037,0.537037,0.602222,0.534815,0.997869
2026-08-03T00:08:45+00:00,bid,Q RTX 8000,4,5,0.015556,0.078306,0.0995,0.099778,0.099778,0.0995,0.999421
2026-08-03T00:08:45+00:00,bid,Quadro GV100,1,1,0.134074,0.134074,0.134074,0.134074,0.134074,,0.969331
2026-08-03T00:08:45+00:00,bid,Quadro P4000,3,4,0.040741,0.041111,0.041481,0.044407,0.047333,0.047333,0.969577
2026-08-03T00:08:45+00:00,bid,RTX 2060,3,4,0.027259,0.029185,0.031111,0.183333,0.335556,0.183333,0.994463
2026-08-03T00:08:45+00:00,bid,RTX 2060S,3,7,0.041111,0.044044,0.046978,0.085341,0.123704,0.085341,0.985139
2026-08-03T00:08:45+00:00,bid,RTX 2070S,5,27,0.053667,0.066831,0.066852,0.067037,0.067037,0.053667,0.987602
2026-08-03T00:08:45+00:00,bid,RTX 2080 Ti,3,3,0.037778,0.04,0.042222,0.075185,0.108148,0.075185,0.992648
2026-08-03T00:08:45+00:00,bid,RTX 3060,13,39,0.037778,0.041111,0.054444,0.100681,0.134815,0.066944,0.993643
2026-08-03T00:08:45+00:00,bid,RTX 3060 Ti,2,2,0.055556,0.175556,0.295556,0.415556,0.535556,0.535556,0.93643
2026-08-03T00:08:45+00:00,bid,RTX 3060 laptop,7,19,0.013352,0.025963,0.061481,0.065975,0.101111,0.065975,0.996404
2026-08-03T00:08:45+00:00,bid,RTX 3070,12,37,0.040444,0.050764,0.061204,0.094028,0.495556,0.07037,0.99695
2026-08-03T00:08:45+00:00,bid,RTX 3080,14,36,0.041111,0.067014,0.101704,0.215527,0.241659,0.141111,0.992435
2026-08-03T00:08:45+00:00,bid,RTX 3080 Ti,4,4,0.076148,0.107704,0.146889,0.282222,0.602222,0.118222,0.991694
2026-08-03T00:08:45+00:00,bid,RTX 3090,71,175,0.014815,0.096685,0.121111,0.175556,0.401481,0.134815,0.991247
2026-08-03T00:08:45+00:00,bid,RTX 4000Ada,3,4,0.054296,0.054778,0.055259,0.108741,0.162222,,0.991014
2026-08-03T00:08:45+00:00,bid,RTX 4060,2,2,0.031111,0.033296,0.035481,0.037667,0.039852,0.039852,0.982331
2026-08-03T00:08:45+00:00,bid,RTX 4060 Ti,6,15,0.041111,0.075361,0.075778,0.076611,0.100519,0.100519,0.984174
2026-08-03T00:08:45+00:00,bid,RTX 4070,6,13,0.028889,0.067361,0.067963,0.07387,0.161111,0.075778,0.989178
2026-08-03T00:08:45+00:00,bid,RTX 4070 Ti,7,12,0.082222,0.108889,0.215556,0.240833,0.241111,0.108889,0.991302
2026-08-03T00:08:45+00:00,bid,RTX 4070S,11,40,0.06787,0.073,0.076296,0.095139,0.102222,0.076296,0.991669
2026-08-03T00:08:45+00:00,bid,RTX 4070S Ti,8,24,0.11555,0.154282,0.167222,0.167778,0.168889,0.167222,0.998719
2026-08-03T00:08:45+00:00,bid,RTX 4080,15,39,0.133593,0.141204,0.147407,0.161481,0.255556,0.147222,0.990406
2026-08-03T00:08:45+00:00,bid,RTX 4080S,16,38,0.090815,0.108889,0.188222,0.201296,0.240519,0.201556,0.99282
2026-08-03T00:08:45+00:00,bid,RTX 4090,81,219,0.160741,0.240593,0.333889,0.403704,0.683556,0.376296,0.995433
2026-08-03T00:08:45+00:00,bid,RTX 4090D,4,8,0.604556,0.604972,0.605667,0.606222,0.606222,,0.967226
2026-08-03T00:08:45+00:00,bid,RTX 5000Ada,1,1,0.268889,0.268889,0.268889,0.268889,0.268889,0.268889,0.998383
2026-08-03T00:08:45+00:00,bid,RTX 5060,2,3,0.041111,0.044722,0.048333,0.051944,0.055556,0.055556,0.986779
2026-08-03T00:08:45+00:00,bid,RTX 5060 Ti,23,63,0.027407,0.060694,0.080691,0.105259,0.801481,0.100519,0.996246
2026-08-03T00:08:45+00:00,bid,RTX 5070,6,10,0.055556,0.070917,0.099315,0.148685,0.162222,0.111407,0.994018
2026-08-03T00:08:45+00:00,bid,RTX 5070 Ti,15,31,0.005741,0.108333,0.133481,0.254611,0.268,0.128148,0.997245
2026-08-03T00:08:45+00:00,bid,RTX 5080,20,40,0.081111,0.120694,0.154167,0.201389,10.802963,0.188889,0.993439
2026-08-03T00:08:45+00:00,bid,RTX 5090,92,207,0.102222,0.268944,0.327176,0.478889,4.33357,0.32787,0.995413
2026-08-03T00:08:45+00:00,bid,RTX 5880Ada,11,18,0.267185,0.281444,0.297037,0.297037,0.297037,0.297037,0.996008
2026-08-03T00:08:45+00:00,bid,RTX 6000Ada,19,33,0.137778,0.17037,0.401111,0.467704,0.74963,0.402222,0.996843
2026-08-03T00:08:45+00:00,bid,RTX A2000,3,3,0.400148,0.413481,0.426815,0.446815,0.466815,,0.945809
2026-08-03T00:08:45+00:00,bid,RTX A4000,10,57,0.057111,0.09375,0.100345,0.12688,0.134444,,0.971043
2026-08-03T00:08:45+00:00,bid,RTX A4500,2,2,0.081185,0.081185,0.081185,0.081185,0.081185,,0.936922
2026-08-03T00:08:45+00:00,bid,RTX A5000,6,24,0.11037,0.227044,0.227315,0.230101,0.231081,0.227315,0.998784
2026-08-03T00:08:45+00:00,bid,RTX A6000,8,16,0.202593,0.205185,0.334259,0.374306,0.387778,,0.987149
2026-08-03T00:08:45+00:00,bid,RTX PRO 4000,9,13,0.067778,0.108889,0.202222,0.241481,0.242222,0.221852,0.995233
2026-08-03T00:08:45+00:00,bid,RTX PRO 4500,1,1,0.255556,0.255556,0.255556,0.255556,0.255556,0.255556,0.990304
2026-08-03T00:08:45+00:00,bid,RTX PRO 5000,24,46,0.135111,0.40137,0.467083,0.520833,0.803704,0.467222,0.991017
2026-08-03T00:08:45+00:00,bid,RTX PRO 6000 S,18,41,0.334444,0.435111,0.792593,1.069259,1.466944,1.065556,0.99715
2026-08-03T00:08:45+00:00,bid,RTX PRO 6000 WS,27,40,0.122222,0.537333,0.668889,0.960556,1.602222,0.668889,0.996363
2026-08-03T00:08:45+00:00,bid,Tesla P100,3,4,0.041481,0.087963,0.134444,0.135,0.135556,0.135,0.991387
2026-08-03T00:08:45+00:00,bid,Tesla P4,1,1,0.011926,0.011926,0.011926,0.011926,0.011926,,0.992653
2026-08-03T00:08:45+00:00,bid,Tesla P40,4,9,0.026815,0.05612,0.066167,0.066444,0.066444,0.066444,0.993668
2026-08-03T00:08:45+00:00,bid,Tesla T4,3,4,3.400741,3.401111,3.401481,3.401481,3.401481,,0.972404
2026-08-03T00:08:45+00:00,bid,Tesla V100,30,87,0.013611,0.044444,0.133796,0.161111,0.242222,0.161111,0.993581
2026-08-03T00:08:45+00:00,bid,Titan RTX,8,17,0.094444,0.095556,0.1075,0.128861,0.135556,0.095556,0.968315
2026-08-03T00:08:45+00:00,bid,Titan Xp,1,1,0.042222,0.042222,0.042222,0.042222,0.042222,0.042222,0.996161
2026-08-03T00:13:44+00:00,on-demand,A100 PCIE,14,31,0.268148,0.334722,0.741688,1.001111,1.536764,0.828148,0.995763
2026-08-03T00:13:44+00:00,on-demand,A100 SXM4,28,72,0.267407,0.828593,0.93463,1.067014,1.735185,1.041333,0.994812
2026-08-03T00:13:44+00:00,on-demand,A10g,1,1,0.161185,0.161185,0.161185,0.161185,0.161185,,0.952168
2026-08-03T00:13:44+00:00,on-demand,A800 PCIE,4,8,0.468148,0.617454,0.6675,0.668056,0.668889,,0.994687
2026-08-03T00:13:44+00:00,on-demand,B200,16,46,3.751389,5.657747,6.251476,7.553038,9.788889,6.692708,0.997111
2026-08-03T00:13:44+00:00,on-demand,CMP 170HX,2,13,0.191111,0.220046,0.248981,0.277917,0.306852,,0.928675
2026-08-03T00:13:44+00:00,on-demand,GTX 1050 Ti,1,1,0.611111,0.611111,0.611111,0.611111,0.611111,,0.986704
2026-08-03T00:13:44+00:00,on-demand,GTX 1060,2,2,0.088148,0.152222,0.216296,0.28037,0.344444,0.088148,0.99671
2026-08-03T00:13:44+00:00,on-demand,GTX 1070 Ti,2,10,0.04837,0.048417,0.048463,0.048509,0.048556,0.048463,0.987301
2026-08-03T00:13:44+00:00,on-demand,GTX 1080,4,6,0.027778,0.038611,0.045667,0.049389,0.050222,0.049667,0.990784
2026-08-03T00:13:44+00:00,on-demand,GTX 1080 Ti,4,8,0.039556,0.055722,0.063667,0.068139,0.073889,0.066222,0.997486
2026-08-03T00:13:44+00:00,on-demand,GTX 1650 S,1,1,0.677778,0.677778,0.677778,0.677778,0.677778,,0.98957
2026-08-03T00:13:44+00:00,on-demand,GTX 1660,1,1,0.677778,0.677778,0.677778,0.677778,0.677778,,0.995216
2026-08-03T00:13:44+00:00,on-demand,GTX 1660 S,2,5,0.047222,0.148194,0.249167,0.350139,0.451111,0.047222,0.97356
2026-08-03T00:13:44+00:00,on-demand,GTX 1660 Ti,1,1,0.611111,0.611111,0.611111,0.611111,0.611111,0.611111,0.991573
2026-08-03T00:13:44+00:00,on-demand,GTX TITAN X,1,1,0.031556,0.031556,0.031556,0.031556,0.031556,,0.985949
2026-08-03T00:13:44+00:00,on-demand,H100 NVL,7,13,2.496593,2.571037,2.667407,2.667963,3.067444,2.642222,0.998574
2026-08-03T00:13:44+00:00,on-demand,H100 PCIE,4,17,0.800074,1.500227,1.73375,1.767222,1.867222,1.867222,0.969802
2026-08-03T00:13:44+00:00,on-demand,H100 SXM,15,43,1.482778,1.950481,2.354074,3.456944,7.408889,3.236056,0.994524
2026-08-03T00:13:44+00:00,on-demand,H200,5,10,3.934942,3.935673,4.080044,4.08114,7.039004,4.080044,0.997739
2026-08-03T00:13:44+00:00,on-demand,H200 NVL,6,9,2.733778,3.0825,3.125,3.182222,4.611556,3.125,0.997193
2026-08-03T00:13:44+00:00,on-demand,L4,3,3,0.025926,0.140741,0.255556,0.295556,0.335556,0.335556,0.988423
2026-08-03T00:13:44+00:00,on-demand,L40,3,4,0.457037,0.492222,0.527407,0.552593,0.577778,0.527407,0.994369
2026-08-03T00:13:44+00:00,on-demand,L40S,18,66,0.40037,0.467037,0.734444,0.803333,1.074074,0.802,0.993595
2026-08-03T00:13:44+00:00,on-demand,Q RTX 6000,2,6,0.133704,0.133796,0.133889,0.133981,0.134074,0.133889,0.9986
2026-08-03T00:13:44+00:00,on-demand,Q RTX 8000,5,10,0.240556,0.241111,0.253704,0.268889,0.280889,0.253704,0.998841
2026-08-03T00:13:44+00:00,on-demand,Quadro GV100,1,1,0.467407,0.467407,0.467407,0.467407,0.467407,,0.969336
2026-08-03T00:13:44+00:00,on-demand,Quadro P4000,3,4,0.040741,0.041111,0.041481,0.054407,0.067333,0.067333,0.959365
2026-08-03T00:13:44+00:00,on-demand,RTX 2060,2,3,0.052593,0.142222,0.231852,0.321481,0.411111,0.411111,0.985464
2026-08-03T00:13:44+00:00,on-demand,RTX 2070S,2,12,0.073519,0.073565,0.073611,0.073657,0.073704,,0.987603
2026-08-03T00:13:44+00:00,on-demand,RTX 2080 Ti,11,40,0.055185,0.080025,0.080056,0.080167,0.811111,0.080065,0.990514
2026-08-03T00:13:44+00:00,on-demand,RTX 3060,14,44,0.04037,0.058472,0.071204,0.224514,1.335556,0.18088,0.996081
2026-08-03T00:13:44+00:00,on-demand,RTX 3060 Ti,2,2,0.068889,0.291556,0.514222,0.736889,0.959556,0.959556,0.938751
2026-08-03T00:13:44+00:00,on-demand,RTX 3060 laptop,5,14,0.026685,0.026815,0.041111,0.042222,0.134444,0.134444,0.994372
2026-08-03T00:13:44+00:00,on-demand,RTX 3070,13,55,0.042222,0.066944,0.068889,0.106944,0.562222,0.084753,0.991051
2026-08-03T00:13:44+00:00,on-demand,RTX 3080,11,47,0.060222,0.097792,0.113556,0.189499,0.252326,0.120778,0.996821
2026-08-03T00:13:44+00:00,on-demand,RTX 3080 Ti,4,4,0.081037,0.107926,0.126963,0.140259,0.149926,0.109037,0.996409
2026-08-03T00:13:44+00:00,on-demand,RTX 3090,39,119,0.08963,0.134352,0.201111,0.335556,1.336296,0.242222,0.992452
2026-08-03T00:13:44+00:00,on-demand,RTX 3090 Ti,1,1,0.175556,0.175556,0.175556,0.175556,0.175556,,0.993292
2026-08-03T00:13:44+00:00,on-demand,RTX 4000Ada,2,3,0.094296,0.121278,0.148259,0.175241,0.202222,,0.993346
2026-08-03T00:13:44+00:00,on-demand,RTX 4060,6,17,0.053926,0.056028,0.060833,0.0625,2.677778,0.061111,0.991081
2026-08-03T00:13:44+00:00,on-demand,RTX 4060 Ti,3,5,0.066444,0.073778,0.081111,0.081667,0.082222,,0.984209
2026-08-03T00:13:44+00:00,on-demand,RTX 4070,6,23,0.072988,0.080972,0.082222,0.085972,0.094444,0.087222,0.991408
2026-08-03T00:13:44+00:00,on-demand,RTX 4070 Ti,8,14,0.083778,0.096667,0.135185,0.252139,0.282444,0.116296,0.991311
2026-08-03T00:13:44+00:00,on-demand,RTX 4070S,5,16,0.084815,0.087778,0.088148,0.100556,0.108889,0.087778,0.995229
2026-08-03T00:13:44+00:00,on-demand,RTX 4070S Ti,7,23,0.121111,0.161759,0.253611,0.254167,0.255556,0.25375,0.998723
2026-08-03T00:13:44+00:00,on-demand,RTX 4080,11,29,0.121481,0.176111,0.261519,0.264926,0.293852,0.261611,0.990407
2026-08-03T00:13:44+00:00,on-demand,RTX 4080S,18,59,0.135556,0.151069,0.200537,0.202222,0.265852,0.200556,0.992554
2026-08-03T00:13:44+00:00,on-demand,RTX 4090,55,174,0.134444,0.33213,0.401111,0.581852,2.005926,0.534815,0.99476
2026-08-03T00:13:44+00:00,on-demand,RTX 4090D,9,25,0.160278,0.161111,0.383407,0.667222,0.668889,0.383778,0.967226
2026-08-03T00:13:44+00:00,on-demand,RTX 5000Ada,2,2,0.375556,0.395556,0.415556,0.435556,0.455556,0.375556,0.991977
2026-08-03T00:13:44+00:00,on-demand,RTX 5060,3,3,0.077037,0.106296,0.135556,0.145556,0.155556,0.116296,0.995148
2026-08-03T00:13:44+00:00,on-demand,RTX 5060 Ti,13,34,0.051111,0.080278,0.107222,0.108889,0.200741,0.106025,0.995166
2026-08-03T00:13:44+00:00,on-demand,RTX 5060 laptop,1,1,0.135556,0.135556,0.135556,0.135556,0.135556,,0.970842
2026-08-03T00:13:44+00:00,on-demand,RTX 5070,6,9,0.015556,0.09537,0.105259,0.114759,0.135556,0.106111,0.995788
2026-08-03T00:13:44+00:00,on-demand,RTX 5070 Ti,10,18,0.115556,0.135,0.180926,0.201944,0.400667,0.200741,0.996128
2026-08-03T00:13:44+00:00,on-demand,RTX 5080,19,50,0.133704,0.163704,0.200556,0.260815,12.002963,0.200556,0.991737
2026-08-03T00:13:44+00:00,on-demand,RTX 5090,53,148,0.212889,0.43037,0.563704,0.800741,5.13357,0.717407,0.992445
2026-08-03T00:13:44+00:00,on-demand,RTX 5880Ada,3,7,0.413852,0.541185,0.668519,0.669444,0.67037,0.668519,0.994581
2026-08-03T00:13:44+00:00,on-demand,RTX 6000Ada,9,21,0.441111,0.568889,0.680556,0.682074,0.752593,0.681037,0.996319
2026-08-03T00:13:44+00:00,on-demand,RTX A2000,6,7,0.034074,0.036148,0.264815,0.823481,1.335556,,0.994771
2026-08-03T00:13:44+00:00,on-demand,RTX A4000,6,33,0.067259,0.084736,0.120324,0.130231,0.152278,0.120278,0.982454
2026-08-03T00:13:44+00:00,on-demand,RTX A4500,3,3,0.114519,0.117852,0.121185,0.698,1.274815,,0.93748
2026-08-03T00:13:44+00:00,on-demand,RTX A5000,6,18,0.230984,0.233541,0.3076,30.094148,40.001481,0.23597,0.997981
2026-08-03T00:13:44+00:00,on-demand,RTX A6000,8,25,0.333889,0.345278,0.387593,0.603403,1.200556,0.404444,0.981979
2026-08-03T00:13:44+00:00,on-demand,RTX PRO 4000,11,19,0.134444,0.255556,0.267778,0.320222,0.337037,0.320222,0.988239
2026-08-03T00:13:44+00:00,on-demand,RTX PRO 4500,2,2,0.308889,0.312222,0.315556,0.318889,0.322222,0.322222,0.974903
2026-08-03T00:13:44+00:00,on-demand,RTX PRO 5000,10,33,0.601037,0.640694,0.754852,0.827153,0.840741,0.808102,0.989866
2026-08-03T00:13:44+00:00,on-demand,RTX PRO 6000 S,16,54,1.066759,1.317917,1.734444,1.771425,1.878108,1.499074,0.998194
2026-08-03T00:13:44+00:00,on-demand,RTX PRO 6000 WS,18,35,0.735556,1.067778,1.202025,1.642963,13.335556,1.469259,0.989693
2026-08-03T00:13:44+00:00,on-demand,Tesla P100,4,6,0.081481,0.081481,0.141296,0.201389,0.202222,0.201111,0.991403
2026-08-03T00:13:44+00:00,on-demand,Tesla P4,1,1,0.023259,0.023259,0.023259,0.023259,0.023259,,0.992656
2026-08-03T00:13:44+00:00,on-demand,Tesla P40,4,8,0.106815,0.12612,0.132833,0.150389,0.202222,0.132833,0.992688
2026-08-03T00:13:44+00:00,on-demand,Tesla T4,2,3,12.000741,12.000926,12.001111,12.001296,12.001481,,0.972404
2026-08-03T00:13:44+00:00,on-demand,Tesla V100,14,36,0.027778,0.040694,0.149111,0.167685,0.335556,0.167778,0.990396
2026-08-03T00:13:44+00:00,on-demand,Titan RTX,5,10,0.134444,0.135185,0.137037,0.162222,0.200556,0.148333,0.993794
2026-08-03T00:13:44+00:00,on-demand,Titan Xp,1,1,0.055556,0.055556,0.055556,0.055556,0.055556,0.055556,0.996161
2026-08-03T00:13:44+00:00,bid,A100 PCIE,35,63,0.133889,0.135556,0.201111,0.267778,0.463431,0.202222,0.994375
2026-08-03T00:13:44+00:00,bid,A100 SXM4,40,75,0.130316,0.401296,0.568843,0.802333,0.987222,0.600972,0.988776
2026-08-03T00:13:44+00:00,bid,A10g,1,1,0.081185,0.081185,0.081185,0.081185,0.081185,,0.952168
2026-08-03T00:13:44+00:00,bid,A800 PCIE,7,12,0.129889,0.130444,0.131556,0.131556,0.131556,,0.994687
2026-08-03T00:13:44+00:00,bid,B200,20,78,5.000347,5.004557,5.625521,5.627778,7.377083,5.467535,0.990275
2026-08-03T00:13:44+00:00,bid,CMP 170HX,2,13,0.137778,0.156713,0.175648,0.194583,0.213519,,0.928675
2026-08-03T00:13:44+00:00,bid,GTX 1050 Ti,1,1,0.024444,0.024444,0.024444,0.024444,0.024444,,0.986704
2026-08-03T00:13:44+00:00,bid,GTX 1060,2,2,0.031111,0.04037,0.04963,0.058889,0.068148,0.068148,0.99671
2026-08-03T00:13:44+00:00,bid,GTX 1070,1,1,0.024444,0.024444,0.024444,0.024444,0.024444,0.024444,0.992699
2026-08-03T00:13:44+00:00,bid,GTX 1070 Ti,2,8,0.04037,0.040556,0.040741,0.040926,0.041111,0.040741,0.987934
2026-08-03T00:13:44+00:00,bid,GTX 1080,3,6,0.037037,0.038796,0.040556,0.041389,0.042222,0.041389,0.980338
2026-08-03T00:13:44+00:00,bid,GTX 1080 Ti,6,14,0.028889,0.040694,0.041111,0.050694,0.055556,0.041111,0.997112
2026-08-03T00:13:44+00:00,bid,GTX 1650 S,1,1,0.037778,0.037778,0.037778,0.037778,0.037778,,0.98957
2026-08-03T00:13:44+00:00,bid,GTX 1660,1,1,0.037778,0.037778,0.037778,0.037778,0.037778,,0.995216
2026-08-03T00:13:44+00:00,bid,GTX 1660 S,1,1,0.031111,0.031111,0.031111,0.031111,0.031111,,0.950741
2026-08-03T00:13:44+00:00,bid,GTX 1660 Ti,1,1,0.037778,0.037778,0.037778,0.037778,0.037778,0.037778,0.991573
2026-08-03T00:13:44+00:00,bid,H100 NVL,6,11,0.803259,0.9385,1.335,1.834472,2.122963,1.335,0.991274
2026-08-03T00:13:44+00:00,bid,H100 PCIE,5,18,0.400074,1.333889,1.466944,1.467222,1.602222,1.468056,0.969802
2026-08-03T00:13:44+00:00,bid,H100 SXM,17,42,0.454444,1.006519,2.16037,2.667222,6.668889,2.069333,0.990501
2026-08-03T00:13:44+00:00,bid,H200,6,12,1.935307,2.845285,3.485855,3.733991,3.817251,3.485855,0.997673
2026-08-03T00:13:44+00:00,bid,H200 NVL,11,14,0.602222,0.836,1.006667,1.339555,2.535556,1.172889,0.997193
2026-08-03T00:13:44+00:00,bid,L4,10,16,0.201111,0.202222,0.241667,0.307639,0.322222,0.267778,0.998034
2026-08-03T00:13:44+00:00,bid,L40,2,3,0.471111,0.473519,0.475926,0.478333,0.480741,0.475926,0.991013
2026-08-03T00:13:44+00:00,bid,L40S,48,129,0.200185,0.334259,0.534537,0.540741,0.803704,0.535,0.996998
2026-08-03T00:13:44+00:00,bid,Q RTX 8000,6,8,0.017222,0.099222,0.0995,0.099778,0.099778,0.0995,0.999423
2026-08-03T00:13:44+00:00,bid,Quadro GV100,1,1,0.134074,0.134074,0.134074,0.134074,0.134074,,0.969336
2026-08-03T00:13:44+00:00,bid,Quadro P4000,3,4,0.040741,0.041111,0.041481,0.044407,0.047333,0.047333,0.969582
2026-08-03T00:13:44+00:00,bid,RTX 2060,4,6,0.027259,0.030148,0.036111,0.114722,0.335556,0.041111,0.988164
2026-08-03T00:13:44+00:00,bid,RTX 2060S,3,7,0.041111,0.044044,0.046978,0.085341,0.123704,0.085341,0.985175
2026-08-03T00:13:44+00:00,bid,RTX 2070S,6,28,0.053667,0.057208,0.066842,0.066991,0.067037,0.053833,0.987603
2026-08-03T00:13:44+00:00,bid,RTX 2080 Ti,2,2,0.040593,0.060815,0.081037,0.101259,0.121481,0.121481,0.987898
2026-08-03T00:13:44+00:00,bid,RTX 3060,15,44,0.026222,0.041111,0.053889,0.092111,0.134815,0.083481,0.996081
2026-08-03T00:13:44+00:00,bid,RTX 3060 Ti,3,4,0.054444,0.055,0.055556,0.295556,0.535556,0.535556,0.979771
2026-08-03T00:13:44+00:00,bid,RTX 3060 laptop,7,17,0.013352,0.020222,0.038444,0.066222,0.101111,0.066963,0.99406
2026-08-03T00:13:44+00:00,bid,RTX 3070,9,31,0.040444,0.053611,0.068519,0.094444,0.495556,0.093889,0.996951
2026-08-03T00:13:44+00:00,bid,RTX 3080,13,36,0.039889,0.066944,0.108148,0.240332,0.241659,0.13087,0.9955
2026-08-03T00:13:44+00:00,bid,RTX 3080 Ti,3,4,0.087778,0.114259,0.140741,0.158148,0.175556,0.140741,0.992797
2026-08-03T00:13:44+00:00,bid,RTX 3090,59,148,0.016296,0.100185,0.127185,0.194167,0.42963,0.134815,0.994217
2026-08-03T00:13:44+00:00,bid,RTX 4000Ada,2,3,0.054296,0.081278,0.108259,0.135241,0.162222,,0.993346
2026-08-03T00:13:44+00:00,bid,RTX 4060,1,1,0.031111,0.031111,0.031111,0.031111,0.031111,,0.991868
2026-08-03T00:13:44+00:00,bid,RTX 4060 Ti,5,8,0.041111,0.042222,0.075778,0.076889,0.101037,0.101037,0.996929
2026-08-03T00:13:44+00:00,bid,RTX 4070,7,14,0.028889,0.061111,0.075222,0.118444,0.162222,0.075778,0.99736
2026-08-03T00:13:44+00:00,bid,RTX 4070 Ti,8,13,0.082222,0.108704,0.162222,0.240694,0.241111,0.108889,0.991311
2026-08-03T00:13:44+00:00,bid,RTX 4070S,13,50,0.06787,0.069074,0.074519,0.094537,0.102222,0.074519,0.988512
2026-08-03T00:13:44+00:00,bid,RTX 4070S Ti,10,30,0.093889,0.128958,0.167222,0.168611,0.201111,0.167222,0.998723
2026-08-03T00:13:44+00:00,bid,RTX 4080,14,40,0.133593,0.135648,0.147037,0.147407,0.255556,0.147037,0.991768
2026-08-03T00:13:44+00:00,bid,RTX 4080S,15,39,0.068148,0.135,0.200278,0.201315,0.240519,0.202074,0.998113
2026-08-03T00:13:44+00:00,bid,RTX 4090,87,241,0.148889,0.215111,0.333611,0.401889,0.683556,0.334815,0.995202
2026-08-03T00:13:44+00:00,bid,RTX 4090D,6,10,0.604556,0.605389,0.606222,0.606222,0.606222,,0.967226
2026-08-03T00:13:44+00:00,bid,RTX 5000Ada,2,2,0.268889,0.278889,0.288889,0.298889,0.308889,0.288889,0.996599
2026-08-03T00:13:44+00:00,bid,RTX 5060,1,2,0.041111,0.041111,0.041111,0.041111,0.041111,,0.983526
2026-08-03T00:13:44+00:00,bid,RTX 5060 Ti,25,61,0.027407,0.066944,0.080691,0.108148,0.258222,0.099593,0.993963
2026-08-03T00:13:44+00:00,bid,RTX 5070,6,9,0.055556,0.065519,0.09337,0.151111,0.162222,0.141111,0.996203
2026-08-03T00:13:44+00:00,bid,RTX 5070 Ti,11,21,0.093889,0.108333,0.157037,0.267333,0.268,0.267,0.99768
2026-08-03T00:13:44+00:00,bid,RTX 5080,14,23,0.081111,0.147361,0.175,0.202222,10.802963,0.188889,0.99456
2026-08-03T00:13:44+00:00,bid,RTX 5090,98,218,0.094444,0.26787,0.301111,0.532609,4.33357,0.301481,0.994665
2026-08-03T00:13:44+00:00,bid,RTX 5880Ada,10,16,0.267185,0.295185,0.297037,0.297037,0.297037,0.297037,0.996009
2026-08-03T00:13:44+00:00,bid,RTX 6000Ada,27,45,0.137778,0.17037,0.401111,0.467444,0.74963,0.402222,0.996286
2026-08-03T00:13:44+00:00,bid,RTX A2000,3,3,0.400148,0.413481,0.426815,0.446815,0.466815,,0.947091
2026-08-03T00:13:44+00:00,bid,RTX A4000,9,54,0.054519,0.093704,0.106801,0.133556,0.134444,,0.970777
2026-08-03T00:13:44+00:00,bid,RTX A4500,2,2,0.081185,0.081185,0.081185,0.081185,0.081185,,0.937464
2026-08-03T00:13:44+00:00,bid,RTX A5000,9,28,0.021556,0.226984,0.230999,0.334074,0.334815,0.227196,0.998134
2026-08-03T00:13:44+00:00,bid,RTX A6000,6,15,0.202593,0.314352,0.334259,0.364028,0.374444,,0.982647
2026-08-03T00:13:44+00:00,bid,RTX PRO 4000,10,20,0.067778,0.108889,0.240926,0.241481,0.244741,0.241481,0.990298
2026-08-03T00:13:44+00:00,bid,RTX PRO 5000,29,52,0.135111,0.40037,0.401481,0.468889,0.601481,0.434213,0.990595
2026-08-03T00:13:44+00:00,bid,RTX PRO 6000 S,23,49,0.334444,0.534,1.063704,1.068889,1.467222,1.067407,0.998149
2026-08-03T00:13:44+00:00,bid,RTX PRO 6000 WS,28,42,0.068889,0.536093,0.741481,0.950593,1.602222,0.67,0.994398
2026-08-03T00:13:44+00:00,bid,Tesla P100,3,4,0.041481,0.087963,0.134444,0.135,0.135556,0.135,0.991403
2026-08-03T00:13:44+00:00,bid,Tesla P4,1,1,0.011926,0.011926,0.011926,0.011926,0.011926,,0.992656
2026-08-03T00:13:44+00:00,bid,Tesla P40,4,9,0.026815,0.05612,0.066167,0.066444,0.066444,0.066444,0.993669
2026-08-03T00:13:44+00:00,bid,Tesla T4,3,4,3.400741,3.401111,3.401481,3.401481,3.401481,,0.972404
2026-08-03T00:13:44+00:00,bid,Tesla V100,31,92,0.013611,0.028333,0.133611,0.161111,0.242222,0.161111,0.991819
2026-08-03T00:13:44+00:00,bid,Titan RTX,7,16,0.094444,0.1075,0.108889,0.129204,0.135556,0.108333,0.993794
2026-08-03T00:13:44+00:00,bid,Titan V,1,1,0.082222,0.082222,0.082222,0.082222,0.082222,0.082222,0.997664
2026-08-03T00:13:44+00:00,bid,Titan Xp,1,1,0.042222,0.042222,0.042222,0.042222,0.042222,0.042222,0.998085
2026-08-03T00:18:47+00:00,on-demand,A100 PCIE,11,26,0.333611,0.335,0.651556,0.941222,1.536764,0.868148,0.994375
2026-08-03T00:18:47+00:00,on-demand,A100 SXM4,24,68,0.267407,0.824051,0.975333,1.067083,1.392764,1.042667,0.993695
2026-08-03T00:18:47+00:00,on-demand,A10g,1,1,0.161185,0.161185,0.161185,0.161185,0.161185,,0.952168
2026-08-03T00:18:47+00:00,on-demand,A800 PCIE,2,5,0.667222,0.667639,0.668056,0.668472,0.668889,,0.994687
2026-08-03T00:18:47+00:00,on-demand,B200,26,99,3.751389,5.877604,6.094618,7.338802,9.788889,6.250347,0.990759
2026-08-03T00:18:47+00:00,on-demand,CMP 170HX,2,13,0.191111,0.220046,0.248981,0.277917,0.306852,,0.928675
2026-08-03T00:18:47+00:00,on-demand,GTX 1060,2,2,0.088148,0.152222,0.216296,0.28037,0.344444,0.088148,0.99671
2026-08-03T00:18:47+00:00,on-demand,GTX 1070,1,1,0.531111,0.531111,0.531111,0.531111,0.531111,0.531111,0.992699
2026-08-03T00:18:47+00:00,on-demand,GTX 1070 Ti,1,1,0.050222,0.050222,0.050222,0.050222,0.050222,0.050222,0.991934
2026-08-03T00:18:47+00:00,on-demand,GTX 1080,4,11,0.027778,0.043778,0.049407,0.04987,0.05037,0.049407,0.97695
2026-08-03T00:18:47+00:00,on-demand,GTX 1080 Ti,5,10,0.039556,0.060556,0.061111,0.063778,0.066222,0.062444,0.997297
2026-08-03T00:18:47+00:00,on-demand,GTX 1660,1,1,0.677778,0.677778,0.677778,0.677778,0.677778,,0.995216
2026-08-03T00:18:47+00:00,on-demand,GTX 1660 S,2,5,0.047222,0.148194,0.249167,0.350139,0.451111,0.047222,0.97356
2026-08-03T00:18:47+00:00,on-demand,GTX TITAN X,1,1,0.031556,0.031556,0.031556,0.031556,0.031556,,0.987391
2026-08-03T00:18:47+00:00,on-demand,H100 NVL,7,13,2.416593,2.531037,2.667407,2.667963,3.067444,2.642222,0.998574
2026-08-03T00:18:47+00:00,on-demand,H100 PCIE,5,18,0.800074,1.733611,1.733889,1.868889,2.133889,2.001389,0.969802
2026-08-03T00:18:47+00:00,on-demand,H100 SXM,18,62,1.482778,2.288852,2.801667,3.497306,5.415556,3.236056,0.993664
2026-08-03T00:18:47+00:00,on-demand,H200,7,22,3.935673,4.080592,4.2108,4.587539,5.527412,4.2108,0.997739
2026-08-03T00:18:47+00:00,on-demand,H200 NVL,5,7,3.068889,3.123333,3.201111,4.021778,4.788889,4.021778,0.990127
2026-08-03T00:18:47+00:00,on-demand,L4,4,8,0.027111,0.198444,0.294722,0.334028,0.334444,0.334167,0.994516
2026-08-03T00:18:47+00:00,on-demand,L40,2,3,0.527407,0.54,0.552593,0.565185,0.577778,0.552593,0.991013
2026-08-03T00:18:47+00:00,on-demand,L40S,17,63,0.40037,0.467037,0.734074,0.802222,1.074074,0.934352,0.996425
2026-08-03T00:18:47+00:00,on-demand,Q RTX 6000,1,4,0.133704,0.133704,0.133704,0.133704,0.133704,0.133704,0.9986
2026-08-03T00:18:47+00:00,on-demand,Q RTX 8000,4,8,0.241111,0.249694,0.25313,0.2605,0.280889,0.25313,0.999053
2026-08-03T00:18:47+00:00,on-demand,Quadro GV100,1,1,0.467407,0.467407,0.467407,0.467407,0.467407,,0.969336
2026-08-03T00:18:47+00:00,on-demand,Quadro P4000,3,4,0.040741,0.041111,0.041481,0.049259,0.057037,0.057037,0.959365
2026-08-03T00:18:47+00:00,on-demand,RTX 2060,2,3,0.052593,0.143333,0.234074,0.324815,0.415556,0.415556,0.985938
2026-08-03T00:18:47+00:00,on-demand,RTX 2070S,3,21,0.073498,0.073508,0.073519,0.073611,0.073704,,0.987603
2026-08-03T00:18:47+00:00,on-demand,RTX 2080 Ti,9,28,0.068889,0.080032,0.080074,0.080222,0.811111,0.080074,0.990514
2026-08-03T00:18:47+00:00,on-demand,RTX 3060,12,41,0.04037,0.05387,0.0675,0.087292,1.334815,0.066306,0.994866
2026-08-03T00:18:47+00:00,on-demand,RTX 3060 Ti,2,2,0.068889,0.291556,0.514222,0.736889,0.959556,0.959556,0.938751
2026-08-03T00:18:47+00:00,on-demand,RTX 3060 laptop,5,14,0.026685,0.026815,0.041111,0.042222,0.069481,0.069481,0.995456
2026-08-03T00:18:47+00:00,on-demand,RTX 3070,10,43,0.041111,0.067986,0.100602,0.107014,0.161852,0.100602,0.98972
2026-08-03T00:18:47+00:00,on-demand,RTX 3080,13,44,0.028889,0.082222,0.113444,0.134815,0.252326,0.113556,0.995715
2026-08-03T00:18:47+00:00,on-demand,RTX 3080 Ti,4,4,0.081037,0.107926,0.126222,0.135926,0.137037,0.109037,0.996409
2026-08-03T00:18:47+00:00,on-demand,RTX 3090,31,96,0.084815,0.135,0.173648,0.337778,1.336296,0.216593,0.991563
2026-08-03T00:18:47+00:00,on-demand,RTX 3090 Ti,1,1,0.175556,0.175556,0.175556,0.175556,0.175556,,0.993292
2026-08-03T00:18:47+00:00,on-demand,RTX 4000Ada,1,1,0.202222,0.202222,0.202222,0.202222,0.202222,,0.995654
2026-08-03T00:18:47+00:00,on-demand,RTX 4060,6,15,0.053531,0.054074,0.057815,0.0625,2.677778,0.062037,0.980999
2026-08-03T00:18:47+00:00,on-demand,RTX 4060 Ti,5,8,0.062963,0.065111,0.079778,0.081111,0.082222,0.07137,0.989284
2026-08-03T00:18:47+00:00,on-demand,RTX 4070,2,2,0.082222,0.085556,0.088889,0.092222,0.095556,0.095556,0.993086
2026-08-03T00:18:47+00:00,on-demand,RTX 4070 Ti,8,14,0.083778,0.096667,0.122222,0.252139,0.282444,0.116296,0.991311
2026-08-03T00:18:47+00:00,on-demand,RTX 4070S,6,24,0.081204,0.082106,0.087222,0.097824,0.108889,0.087222,0.989353
2026-08-03T00:18:47+00:00,on-demand,RTX 4070S Ti,10,35,0.068889,0.12488,0.224,0.253819,0.255556,0.25025,0.998529
2026-08-03T00:18:47+00:00,on-demand,RTX 4080,10,27,0.121481,0.165037,0.224222,0.261981,0.293852,0.261519,0.990407
2026-08-03T00:18:47+00:00,on-demand,RTX 4080S,15,52,0.135556,0.15,0.162222,0.201593,0.227185,0.181389,0.995024
2026-08-03T00:18:47+00:00,on-demand,RTX 4090,53,189,0.135556,0.333889,0.402222,0.603704,2.005926,0.554352,0.995202
2026-08-03T00:18:47+00:00,on-demand,RTX 4090D,9,25,0.160278,0.161111,0.384741,0.667222,0.668889,0.385111,0.967226
2026-08-03T00:18:47+00:00,on-demand,RTX 5000Ada,3,3,0.375556,0.408889,0.442222,0.448889,0.455556,0.408889,0.994815
2026-08-03T00:18:47+00:00,on-demand,RTX 5060,3,3,0.05363,0.065333,0.077037,0.116296,0.155556,0.116296,0.995148
2026-08-03T00:18:47+00:00,on-demand,RTX 5060 Ti,15,40,0.051111,0.081481,0.107407,0.129444,0.174519,0.129444,0.989642
2026-08-03T00:18:47+00:00,on-demand,RTX 5060 laptop,1,1,0.135556,0.135556,0.135556,0.135556,0.135556,,0.970842
2026-08-03T00:18:47+00:00,on-demand,RTX 5070,6,9,0.015556,0.095648,0.105259,0.12087,0.135556,0.110185,0.994891
2026-08-03T00:18:47+00:00,on-demand,RTX 5070 Ti,10,20,0.115556,0.134167,0.135556,0.191481,0.400333,0.168148,0.991931
2026-08-03T00:18:47+00:00,on-demand,RTX 5080,16,40,0.133704,0.161944,0.174722,0.236889,12.002963,0.188333,0.994691
2026-08-03T00:18:47+00:00,on-demand,RTX 5090,55,171,0.212889,0.419981,0.627407,0.800278,5.13357,0.695185,0.991423
2026-08-03T00:18:47+00:00,on-demand,RTX 5880Ada,2,5,0.413852,0.477981,0.542111,0.606241,0.67037,0.542111,0.996261
2026-08-03T00:18:47+00:00,on-demand,RTX 6000Ada,9,28,0.441111,0.568889,0.640463,0.681037,0.708889,0.660491,0.997124
2026-08-03T00:18:47+00:00,on-demand,RTX A2000,5,6,0.034074,0.036148,0.036148,0.493481,1.335556,,0.995214
2026-08-03T00:18:47+00:00,on-demand,RTX A4000,4,37,0.120278,0.13017,0.140178,0.147903,0.150944,0.120278,0.968496
2026-08-03T00:18:47+00:00,on-demand,RTX A4500,2,2,0.121185,0.409593,0.698,0.986407,1.274815,,0.967774
2026-08-03T00:18:47+00:00,on-demand,RTX A5000,6,19,0.230984,0.231185,0.232148,30.058778,40.001481,0.231259,0.995429
2026-08-03T00:18:47+00:00,on-demand,RTX A6000,10,31,0.333889,0.400602,0.401667,1.001319,1.201111,0.404444,0.97731
2026-08-03T00:18:47+00:00,on-demand,RTX PRO 4000,9,15,0.135556,0.228889,0.267778,0.320741,0.337037,0.319296,0.989513
2026-08-03T00:18:47+00:00,on-demand,RTX PRO 4500,1,1,0.308889,0.308889,0.308889,0.308889,0.308889,,0.959444
2026-08-03T00:18:47+00:00,on-demand,RTX PRO 5000,10,32,0.536296,0.640694,0.717037,0.827153,0.944148,0.765185,0.990789
2026-08-03T00:18:47+00:00,on-demand,RTX PRO 6000 S,16,53,1.066759,1.268403,1.734444,1.771425,1.878108,1.498796,0.997449
2026-08-03T00:18:47+00:00,on-demand,RTX PRO 6000 WS,14,29,0.854815,1.021454,1.234722,1.438448,5.334815,1.341052,0.991279
2026-08-03T00:18:47+00:00,on-demand,Tesla P100,4,6,0.081481,0.081481,0.141296,0.201389,0.202222,0.201111,0.991403
2026-08-03T00:18:47+00:00,on-demand,Tesla P4,1,1,0.023259,0.023259,0.023259,0.023259,0.023259,,0.992656
2026-08-03T00:18:47+00:00,on-demand,Tesla P40,3,7,0.132556,0.132833,0.133111,0.167667,0.202222,0.132833,0.993669
2026-08-03T00:18:47+00:00,on-demand,Tesla T4,2,3,12.000741,12.000926,12.001111,12.001296,12.001481,,0.972404
2026-08-03T00:18:47+00:00,on-demand,Tesla V100,12,33,0.027778,0.037431,0.060074,0.166968,0.226222,0.166944,0.987879
2026-08-03T00:18:47+00:00,on-demand,Titan RTX,5,10,0.134444,0.135185,0.137037,0.162222,0.200556,0.148333,0.993794
2026-08-03T00:18:47+00:00,on-demand,Titan Xp,1,1,0.062222,0.062222,0.062222,0.062222,0.062222,0.062222,0.989819
2026-08-03T00:18:47+00:00,bid,A100 PCIE,29,55,0.133889,0.135556,0.135556,0.267778,0.46963,0.202222,0.99225
2026-08-03T00:18:47+00:00,bid,A100 SXM4,41,79,0.130316,0.401481,0.601296,0.802667,0.987222,0.601944,0.988776
2026-08-03T00:18:47+00:00,bid,A10g,1,1,0.081185,0.081185,0.081185,0.081185,0.081185,,0.952168
2026-08-03T00:18:47+00:00,bid,A800 PCIE,6,11,0.129889,0.130444,0.131,0.131556,0.131556,,0.994687
2026-08-03T00:18:47+00:00,bid,B200,24,98,5.000347,5.002604,5.625347,5.626389,7.376042,5.467535,0.989395
2026-08-03T00:18:47+00:00,bid,CMP 170HX,2,13,0.137778,0.156713,0.175648,0.194583,0.213519,,0.928675
2026-08-03T00:18:47+00:00,bid,GTX 1050 Ti,1,1,0.024444,0.024444,0.024444,0.024444,0.024444,,0.986704
2026-08-03T00:18:47+00:00,bid,GTX 1060,2,2,0.031111,0.04037,0.04963,0.058889,0.068148,0.068148,0.99671
2026-08-03T00:18:47+00:00,bid,GTX 1070,1,1,0.024444,0.024444,0.024444,0.024444,0.024444,0.024444,0.992699
2026-08-03T00:18:47+00:00,bid,GTX 1070 Ti,2,7,0.04037,0.040833,0.041296,0.041759,0.042222,0.041296,0.983933
2026-08-03T00:18:47+00:00,bid,GTX 1080,3,9,0.028889,0.03463,0.04037,0.040741,0.041111,0.040741,0.989905
2026-08-03T00:18:47+00:00,bid,GTX 1080 Ti,6,16,0.028889,0.040556,0.040833,0.050694,0.055556,0.041111,0.996456
2026-08-03T00:18:47+00:00,bid,GTX 1660,1,1,0.037778,0.037778,0.037778,0.037778,0.037778,,0.995216
2026-08-03T00:18:47+00:00,bid,GTX 1660 S,2,5,0.031111,0.033472,0.035833,0.038194,0.040556,0.040556,0.97356
2026-08-03T00:18:47+00:00,bid,GTX 1660 Ti,1,1,0.037778,0.037778,0.037778,0.037778,0.037778,0.037778,0.991573
2026-08-03T00:18:47+00:00,bid,H100 NVL,5,9,0.806519,0.806519,1.334444,2.000778,2.122963,1.334444,0.993525
2026-08-03T00:18:47+00:00,bid,H100 PCIE,6,21,0.400074,1.36757,1.467083,1.567222,1.601111,1.600556,0.972846
2026-08-03T00:18:47+00:00,bid,H100 SXM,18,57,0.454444,0.952778,2.160278,2.888861,4.002222,1.006519,0.993574
2026-08-03T00:18:47+00:00,bid,H200,8,24,1.935307,3.272789,3.816886,3.947711,3.948465,3.816886,0.997706
2026-08-03T00:18:47+00:00,bid,H200 NVL,12,13,0.602222,0.668889,1.005,1.339222,3.477778,1.172889,0.997193
2026-08-03T00:18:47+00:00,bid,L4,10,16,0.135556,0.201667,0.241667,0.307639,0.322222,0.267778,0.998034
2026-08-03T00:18:47+00:00,bid,L40,4,5,0.403704,0.454259,0.475926,0.480926,0.481481,0.475926,0.994369
2026-08-03T00:18:47+00:00,bid,L40S,41,123,0.200185,0.334444,0.534815,0.540741,0.933889,0.537037,0.996863
2026-08-03T00:18:47+00:00,bid,Q RTX 8000,5,7,0.017222,0.099222,0.099222,0.099778,0.099778,0.099222,0.999423
2026-08-03T00:18:47+00:00,bid,Quadro GV100,1,1,0.134074,0.134074,0.134074,0.134074,0.134074,,0.969336
2026-08-03T00:18:47+00:00,bid,Quadro P4000,3,4,0.040741,0.041111,0.041481,0.044407,0.047333,0.047333,0.969582
2026-08-03T00:18:47+00:00,bid,RTX 2060,2,3,0.027259,0.104333,0.181407,0.258481,0.335556,0.335556,0.985938
2026-08-03T00:18:47+00:00,bid,RTX 2060S,3,7,0.041111,0.044044,0.046978,0.085341,0.123704,0.085341,0.985175
2026-08-03T00:18:47+00:00,bid,RTX 2070S,5,27,0.053667,0.066831,0.066852,0.067037,0.067037,0.053667,0.987603
2026-08-03T00:18:47+00:00,bid,RTX 2080 Ti,4,5,0.031111,0.038222,0.041407,0.062037,0.121481,0.081852,0.985275
2026-08-03T00:18:47+00:00,bid,RTX 3060,11,40,0.037778,0.041111,0.053889,0.06125,0.102815,0.055556,0.996081
2026-08-03T00:18:47+00:00,bid,RTX 3060 Ti,4,6,0.054444,0.055,0.05537,0.175556,0.535556,0.29537,0.979771
2026-08-03T00:18:47+00:00,bid,RTX 3060 laptop,7,21,0.013352,0.025963,0.058321,0.065235,0.101111,0.065481,0.996657
2026-08-03T00:18:47+00:00,bid,RTX 3070,12,35,0.040444,0.041944,0.061204,0.094028,0.495556,0.081278,0.996951
2026-08-03T00:18:47+00:00,bid,RTX 3080,13,37,0.042222,0.066944,0.121185,0.240332,0.241659,0.140833,0.992459
2026-08-03T00:18:47+00:00,bid,RTX 3080 Ti,5,6,0.067704,0.076148,0.087778,0.095556,0.108889,0.081963,0.995315
2026-08-03T00:18:47+00:00,bid,RTX 3090,55,136,0.014815,0.095463,0.121111,0.200833,0.42963,0.133611,0.994183
2026-08-03T00:18:47+00:00,bid,RTX 4000Ada,2,3,0.054296,0.081278,0.108259,0.135241,0.162222,,0.993346
2026-08-03T00:18:47+00:00,bid,RTX 4060,1,1,0.039852,0.039852,0.039852,0.039852,0.039852,0.039852,0.973886
2026-08-03T00:18:47+00:00,bid,RTX 4060 Ti,6,12,0.041111,0.061722,0.075778,0.076611,0.100519,0.078778,0.990078
2026-08-03T00:18:47+00:00,bid,RTX 4070,5,11,0.028889,0.067654,0.067778,0.075222,0.162222,0.075222,0.989186
2026-08-03T00:18:47+00:00,bid,RTX 4070 Ti,7,12,0.095556,0.108889,0.215556,0.240833,0.241111,0.108889,0.991311
2026-08-03T00:18:47+00:00,bid,RTX 4070S,12,42,0.047222,0.068079,0.073,0.094838,0.102222,0.075407,0.992604
2026-08-03T00:18:47+00:00,bid,RTX 4070S Ti,14,37,0.094815,0.119472,0.167222,0.193056,0.202222,0.167222,0.998723
2026-08-03T00:18:47+00:00,bid,RTX 4080,14,39,0.133593,0.137037,0.147037,0.147407,0.255556,0.147037,0.991768
2026-08-03T00:18:47+00:00,bid,RTX 4080S,17,42,0.102963,0.134444,0.188889,0.201037,0.240519,0.200778,0.995861
2026-08-03T00:18:47+00:00,bid,RTX 4090,82,231,0.134815,0.24037,0.334167,0.40156,0.683556,0.361019,0.995455
2026-08-03T00:18:47+00:00,bid,RTX 4090D,3,7,0.604556,0.604833,0.605111,0.605667,0.606222,,0.967226
2026-08-03T00:18:47+00:00,bid,RTX 5000Ada,2,2,0.268889,0.278889,0.288889,0.298889,0.308889,0.288889,0.996599
2026-08-03T00:18:47+00:00,bid,RTX 5060,3,4,0.040296,0.040704,0.041111,0.048333,0.055556,0.055556,0.990054
2026-08-03T00:18:47+00:00,bid,RTX 5060 Ti,28,76,0.027407,0.058333,0.080716,0.118185,0.174074,0.100056,0.996028
2026-08-03T00:18:47+00:00,bid,RTX 5070,7,11,0.065481,0.076426,0.087778,0.127963,0.162222,0.124444,0.996182
2026-08-03T00:18:47+00:00,bid,RTX 5070 Ti,15,27,0.082222,0.107778,0.108889,0.159059,0.267333,0.134444,0.99564
2026-08-03T00:18:47+00:00,bid,RTX 5080,18,27,0.081111,0.112778,0.155,0.191389,10.802963,0.161111,0.994107
2026-08-03T00:18:47+00:00,bid,RTX 5090,82,180,0.115222,0.267153,0.336667,0.533657,0.845926,0.375185,0.994862
2026-08-03T00:18:47+00:00,bid,RTX 5880Ada,11,18,0.267185,0.268222,0.295185,0.297037,0.297037,0.295185,0.996009
2026-08-03T00:18:47+00:00,bid,RTX 6000Ada,17,31,0.137778,0.400278,0.467185,0.468741,0.74963,0.467444,0.996899
2026-08-03T00:18:47+00:00,bid,RTX A2000,4,4,0.400148,0.420148,0.426815,0.436815,0.466815,0.426815,0.946565
2026-08-03T00:18:47+00:00,bid,RTX A4000,8,44,0.053926,0.067704,0.093796,0.11349,0.133611,,0.971044
2026-08-03T00:18:47+00:00,bid,RTX A4500,1,1,0.081185,0.081185,0.081185,0.081185,0.081185,,0.937448
2026-08-03T00:18:47+00:00,bid,RTX A5000,10,24,0.11037,0.222368,0.227593,0.308326,0.334815,0.226984,0.998134
2026-08-03T00:18:47+00:00,bid,RTX A6000,6,13,0.242222,0.304611,0.320926,0.334352,0.373889,,0.967871
2026-08-03T00:18:47+00:00,bid,RTX PRO 4000,8,11,0.067778,0.098889,0.215556,0.241204,0.242222,0.228889,0.990781
2026-08-03T00:18:47+00:00,bid,RTX PRO 5000,27,63,0.135111,0.22963,0.401481,0.467778,0.534444,0.434213,0.988942
2026-08-03T00:18:47+00:00,bid,RTX PRO 6000 S,24,56,0.335556,0.534111,1.068148,1.06963,1.466944,1.068148,0.997801
2026-08-03T00:18:47+00:00,bid,RTX PRO 6000 WS,25,37,0.068889,0.536148,0.800741,0.934445,1.602222,0.801111,0.993867
2026-08-03T00:18:47+00:00,bid,Tesla P100,4,5,0.041481,0.111204,0.135,0.135556,0.135556,0.135556,0.991403
2026-08-03T00:18:47+00:00,bid,Tesla P4,1,1,0.011926,0.011926,0.011926,0.011926,0.011926,,0.992656
2026-08-03T00:18:47+00:00,bid,Tesla P40,4,9,0.026815,0.05612,0.066167,0.066444,0.066444,0.066444,0.993669
2026-08-03T00:18:47+00:00,bid,Tesla T4,3,4,3.400741,3.401111,3.401481,3.401481,3.401481,,0.972404
2026-08-03T00:18:47+00:00,bid,Tesla V100,22,59,0.018444,0.028056,0.114583,0.161944,0.242222,0.161667,0.99408
2026-08-03T00:18:47+00:00,bid,Titan RTX,6,14,0.094444,0.107639,0.118704,0.129546,0.135556,0.108889,0.983628
2026-08-03T00:18:47+00:00,bid,Titan Xp,1,1,0.042222,0.042222,0.042222,0.042222,0.042222,0.042222,0.998085
