date,model_permaslug,variant,total_prompt_tokens,total_completion_tokens,total_native_tokens_reasoning,total_native_tokens_cached,request_count,total_tool_calls,requests_with_tool_call_errors,num_media_prompt,num_media_completion,image_output_requests,last_scraped_at
2026-06-21,anthropic/claude-3-5-haiku,standard,0,0,0,0,2,0,0,0,0,0,2026-07-20T16:24:46+00:00
2026-06-22,nex-agi/nex-n2-pro,free,110202109654,2322726471,0,0,1697851,0,0,0,0,0,2026-07-20T16:24:46+00:00
2026-06-23,essentialai/rnj-1-instruct,standard,17777685,21490348,0,0,69493,0,0,0,0,0,2026-07-20T16:24:46+00:00
2026-06-23,prime-intellect/intellect-3-20251126,standard,7050998,1594488,0,0,5112,0,0,0,0,0,2026-07-20T16:24:46+00:00
2026-06-29,anthropic/claude-4.6-opus-fast-20260407,standard,1217781285,27740109,0,0,52746,0,0,0,0,0,2026-07-20T16:24:46+00:00
2026-06-30,microsoft/phi-4-mini-instruct,standard,368301436,246243497,0,0,2007020,0,0,0,0,0,2026-07-20T16:24:46+00:00
2026-06-30,openrouter/owl-alpha,standard,5071760111887,38945883112,0,0,83341490,0,0,0,0,0,2026-07-20T16:24:46+00:00
2026-06-30,sourceful/riverflow-v2-fast-preview,standard,289923,3302425,0,0,791,0,0,0,0,0,2026-07-20T16:24:46+00:00
2026-06-30,sourceful/riverflow-v2-max-preview,standard,394638,1720100,0,0,412,0,0,0,0,0,2026-07-20T16:24:46+00:00
2026-06-30,sourceful/riverflow-v2-standard-preview,standard,1518764,6487950,0,0,1554,0,0,0,0,0,2026-07-20T16:24:46+00:00
2026-07-03,aion-labs/aion-1.0-mini,standard,16128509,4506392,0,0,11894,0,0,0,0,0,2026-07-20T16:24:46+00:00
2026-07-05,aion-labs/aion-1.0,standard,26537557,8478628,0,0,30020,0,0,0,0,0,2026-07-20T16:24:46+00:00
2026-07-06,text-embedding-3-small,standard,117568,0,0,0,1057,0,0,0,0,0,2026-07-20T16:24:46+00:00
2026-07-07,liquid/lfm-2.5-1.2b-instruct-20260120,standard,77638,10549,0,0,13,0,0,0,0,0,2026-07-20T16:24:46+00:00
2026-07-07,liquid/lfm-2.5-1.2b-thinking-20260120,standard,40619944,1215433,0,0,2196,0,0,0,0,0,2026-07-20T16:24:46+00:00
2026-07-09,google/gemini-2.5-flash-lite-preview-09-2025,standard,54518704350,5266812506,0,0,16400817,0,0,0,0,0,2026-07-20T16:24:46+00:00
2026-07-09,liquid/lfm-2-24b-a2b-20260224,standard,20091686383,279044322,0,0,9608938,0,0,0,0,0,2026-07-20T16:24:46+00:00
2026-07-09,poolside/laguna-xs.2-20260421,free,219815061419,4652633699,0,0,5883976,0,0,0,0,0,2026-07-20T16:24:46+00:00
2026-07-09,poolside/laguna-xs.2-20260421,standard,18094231576,143893420,0,0,429609,0,0,0,0,0,2026-07-20T16:24:46+00:00
2026-07-09,switchpoint/router,standard,20697100,668274,0,0,19886,0,0,0,0,0,2026-07-20T16:24:46+00:00
2026-07-10,arcee-ai/trinity-mini-20251201,standard,586992651,400203481,0,0,212899,0,0,0,0,0,2026-07-20T16:24:46+00:00
2026-07-10,liquid/lfm-2.5-1.2b-thinking-20260120,free,4755335555,1226210433,0,0,1130789,0,0,0,0,0,2026-07-20T16:24:46+00:00
2026-07-11,meta-llama/llama-3-8b-instruct,standard,1260016525,163811860,0,0,1755242,0,0,0,0,0,2026-07-20T16:24:46+00:00
2026-07-12,liquid/lfm-2.5-1.2b-instruct-20260120,free,2600768005,532961259,0,0,1448329,0,0,0,0,0,2026-07-20T16:24:46+00:00
2026-07-14,openai/gpt-oss-120b,free,257323455391,39534824614,0,0,54938065,0,0,0,0,0,2026-07-20T16:24:46+00:00
2026-07-14,sao10k/l3.1-70b-hanami-x1,standard,36550220,2437135,0,0,29403,0,0,0,0,0,2026-07-20T16:24:46+00:00
2026-07-17,meta-llama/llama-3.2-11b-vision-instruct,standard,2287869206,189569225,0,0,801255,0,0,0,0,0,2026-07-20T16:24:46+00:00
2026-07-17,nvidia/llama-3.3-nemotron-super-49b-v1.5,standard,677982542,143656265,0,0,428586,0,0,0,0,0,2026-07-20T16:24:46+00:00
2026-07-19,BAAI/bge-base-en-v1.5,standard,1644,0,0,0,72,0,0,0,0,0,2026-07-20T16:24:46+00:00
2026-07-19,Qwen/Qwen3-Embedding-8B,standard,6184414,0,0,0,105208,0,0,0,0,0,2026-07-20T16:24:46+00:00
2026-07-19,ai21/jamba-large-1.7,standard,414313172,26155101,0,0,490600,0,0,0,0,0,2026-07-20T16:24:46+00:00
2026-07-19,aion-labs/aion-2.0-20260223,standard,20712614889,1534564362,0,0,1637792,0,0,0,0,0,2026-07-20T16:24:46+00:00
2026-07-19,aion-labs/aion-3.0-20260707,standard,8226587373,833299878,0,0,472703,0,0,0,0,0,2026-07-20T16:24:46+00:00
2026-07-19,aion-labs/aion-3.0-mini-20260707,standard,3850024124,333177058,0,0,324334,0,0,0,0,0,2026-07-20T16:24:46+00:00
2026-07-19,aion-labs/aion-rp-llama-3.1-8b,standard,43712234,4901221,0,0,32877,0,0,0,0,0,2026-07-20T16:24:46+00:00
2026-07-19,alibaba/happyhorse-1.0-20260624,standard,0,0,0,0,581,0,0,0,0,0,2026-07-20T16:24:46+00:00
2026-07-19,alibaba/happyhorse-1.1-20260624,standard,0,0,0,0,10969,0,0,0,0,0,2026-07-20T16:24:46+00:00
2026-07-19,alibaba/wan-2.6-20260327,standard,0,0,0,0,2564,0,0,0,0,0,2026-07-20T16:24:46+00:00
2026-07-19,alibaba/wan-2.7-20260414,standard,0,0,0,0,8848,0,0,0,0,0,2026-07-20T16:24:46+00:00
2026-07-19,amazon/nova-2-lite-v1,standard,29400808837,1561785571,0,0,9783311,0,0,0,0,0,2026-07-20T16:24:46+00:00
2026-07-19,amazon/nova-lite-v1,standard,16196429531,1007270117,0,0,8053940,0,0,0,0,0,2026-07-20T16:24:46+00:00
2026-07-19,amazon/nova-micro-v1,standard,80220495178,4887942961,0,0,37370777,0,0,0,0,0,2026-07-20T16:24:46+00:00
2026-07-19,amazon/nova-premier-v1,standard,152624251,10192324,0,0,67900,0,0,0,0,0,2026-07-20T16:24:46+00:00
2026-07-19,amazon/nova-pro-v1,standard,907465940,93314682,0,0,466377,0,0,0,0,0,2026-07-20T16:24:46+00:00
2026-07-19,anthracite-org/magnum-v4-72b,standard,279181479,20954681,0,0,124972,0,0,0,0,0,2026-07-20T16:24:46+00:00
2026-07-19,anthropic/claude-3-haiku,standard,11510298743,1267589371,0,0,6635400,0,0,0,0,0,2026-07-20T16:24:46+00:00
2026-07-19,anthropic/claude-4-opus-20250522,standard,4490382984,135322258,0,0,459077,0,0,0,0,0,2026-07-20T16:24:46+00:00
2026-07-19,anthropic/claude-4-sonnet-20250522,standard,125483255559,4695157011,0,0,12504433,0,0,0,0,0,2026-07-20T16:24:46+00:00
2026-07-19,anthropic/claude-4.1-opus-20250805,standard,1859031536,105848878,0,0,294470,0,0,0,0,0,2026-07-20T16:24:46+00:00
2026-07-19,anthropic/claude-4.5-haiku-20251001,standard,980561513266,39915178003,0,0,127257202,0,0,0,0,0,2026-07-20T16:24:46+00:00
2026-07-19,anthropic/claude-4.5-opus-20251124,standard,121370680330,5738394982,0,0,7028631,0,0,0,0,0,2026-07-20T16:24:46+00:00
2026-07-19,anthropic/claude-4.5-sonnet-20250929,standard,376295688561,14646498322,0,0,32840942,0,0,0,0,0,2026-07-20T16:24:46+00:00
2026-07-19,anthropic/claude-4.6-opus-20260205,standard,964543016518,17208722226,0,0,20886152,0,0,0,0,0,2026-07-20T16:24:46+00:00
2026-07-19,anthropic/claude-4.6-sonnet-20260217,standard,5037167914179,97047963297,0,0,178492809,0,0,0,0,0,2026-07-20T16:24:46+00:00
2026-07-19,anthropic/claude-4.7-opus-20260416,standard,9215870509081,104679746961,0,0,132476176,0,0,0,0,0,2026-07-20T16:24:46+00:00
2026-07-19,anthropic/claude-4.7-opus-fast-20260512,standard,6056563409,89664686,0,0,187426,0,0,0,0,0,2026-07-20T16:24:46+00:00
2026-07-19,anthropic/claude-4.8-opus-20260528,standard,8520266403053,96764128738,0,0,103216925,0,0,0,0,0,2026-07-20T16:24:46+00:00
2026-07-19,anthropic/claude-4.8-opus-fast-20260528,standard,143590911838,1223738479,0,0,1658351,0,0,0,0,0,2026-07-20T16:24:46+00:00
2026-07-19,anthropic/claude-5-fable-20260609,standard,1008811997692,14333078110,0,0,21545338,0,0,0,0,0,2026-07-20T16:24:46+00:00
2026-07-19,anthropic/claude-sonnet-5-20260630,standard,2492140825849,30397667581,0,0,35655678,0,0,0,0,0,2026-07-20T16:24:46+00:00
2026-07-19,arcee-ai/trinity-large-thinking,standard,4838752922,311763305,0,0,427162,0,0,0,0,0,2026-07-20T16:24:46+00:00
2026-07-19,baai/bge-base-en-v1.5-20251117,standard,5201721515,0,0,0,8881843,0,0,0,0,0,2026-07-20T16:24:46+00:00
2026-07-19,baai/bge-large-en-v1.5-20251117,standard,572393543,0,0,0,541167,0,0,0,0,0,2026-07-20T16:24:46+00:00
2026-07-19,baai/bge-m3-20251117,standard,138846533720,0,0,0,49102134,0,0,0,0,0,2026-07-20T16:24:46+00:00
2026-07-19,baidu/ernie-4.5-vl-424b-a47b,standard,178112330,35746118,0,0,126028,0,0,0,0,0,2026-07-20T16:24:46+00:00
2026-07-19,black-forest-labs/flux.2-flex,standard,107036517,163431738,0,0,25965,0,0,0,0,0,2026-07-20T16:24:46+00:00
2026-07-19,black-forest-labs/flux.2-klein-4b,standard,332397253,1416843826,0,0,323891,0,0,0,0,0,2026-07-20T16:24:46+00:00
2026-07-19,black-forest-labs/flux.2-max,standard,303484870,453451685,0,0,46726,0,0,0,0,0,2026-07-20T16:24:46+00:00
2026-07-19,black-forest-labs/flux.2-pro,standard,613458157,1133471232,0,0,184799,0,0,0,0,0,2026-07-20T16:24:46+00:00
2026-07-19,bytedance-seed/seed-1.6-20250625,standard,417208993,103330918,0,0,115115,0,0,0,0,0,2026-07-20T16:24:46+00:00
2026-07-19,bytedance-seed/seed-1.6-flash-20250625,standard,7462527198,1167475922,0,0,5540817,0,0,0,0,0,2026-07-20T16:24:46+00:00
2026-07-19,bytedance-seed/seed-2.0-lite-20260309,standard,10176914810,684452657,0,0,1078319,0,0,0,0,0,2026-07-20T16:24:46+00:00
2026-07-19,bytedance-seed/seed-2.0-mini-20260224,standard,19345952514,3606244333,0,0,4022945,0,0,0,0,0,2026-07-20T16:24:46+00:00
2026-07-19,bytedance-seed/seedream-4.5-20251203,standard,592018675,10845299509,0,0,550808,0,0,0,0,0,2026-07-20T16:24:46+00:00
2026-07-19,bytedance/seedance-1-5-pro-20260320,standard,0,0,0,0,18551,0,0,0,0,0,2026-07-20T16:24:46+00:00
2026-07-19,bytedance/seedance-2.0-20260414,standard,0,0,0,0,88963,0,0,0,0,0,2026-07-20T16:24:46+00:00
2026-07-19,bytedance/seedance-2.0-fast-20260414,standard,0,0,0,0,30116,0,0,0,0,0,2026-07-20T16:24:46+00:00
2026-07-19,bytedance/ui-tars-1.5-7b,standard,1160204025,21555994,0,0,534356,0,0,0,0,0,2026-07-20T16:24:46+00:00
2026-07-19,canopylabs/orpheus-3b-0.1-ft,standard,404213,0,0,0,12755,0,0,0,0,0,2026-07-20T16:24:46+00:00
2026-07-19,cohere/command-a-03-2025,standard,345420994,86756535,0,0,380690,0,0,0,0,0,2026-07-20T16:24:46+00:00
2026-07-19,cohere/command-r-08-2024,standard,761902810,112924635,0,0,627258,0,0,0,0,0,2026-07-20T16:24:46+00:00
2026-07-19,cohere/command-r-plus-08-2024,standard,185757905,42890508,0,0,236223,0,0,0,0,0,2026-07-20T16:24:46+00:00
2026-07-19,cohere/command-r7b-12-2024,standard,518989261,43126978,0,0,447296,0,0,0,0,0,2026-07-20T16:24:46+00:00
2026-07-19,cohere/north-mini-code-20260617,free,483123740196,16340242905,0,0,16130504,0,0,0,0,0,2026-07-20T16:24:46+00:00
2026-07-19,cohere/north-mini-code-20260617,standard,224077260,6613804,0,0,6335,0,0,0,0,0,2026-07-20T16:24:46+00:00
2026-07-19,cohere/rerank-4-fast,standard,0,0,0,0,1263161,0,0,0,0,0,2026-07-20T16:24:46+00:00
2026-07-19,cohere/rerank-4-pro,standard,0,0,0,0,1164662,0,0,0,0,0,2026-07-20T16:24:46+00:00
2026-07-19,cohere/rerank-v3.5,standard,0,0,0,0,2310068,0,0,0,0,0,2026-07-20T16:24:46+00:00
2026-07-19,deepcogito/cogito-v2.1-671b-20251118,standard,391381693,26829815,0,0,229276,0,0,0,0,0,2026-07-20T16:24:46+00:00
2026-07-19,deepgram/aura-2-20260716,standard,343066,0,0,0,7146,0,0,0,0,0,2026-07-20T16:24:46+00:00
2026-07-19,deepgram/nova-3-20260714,standard,0,0,0,0,2597,0,0,0,0,0,2026-07-20T16:24:46+00:00
2026-07-19,deepseek/deepseek-chat-v3,standard,115841384156,9417950575,0,0,52664538,0,0,0,0,0,2026-07-20T16:24:46+00:00
2026-07-19,deepseek/deepseek-chat-v3-0324,standard,179889972192,10376158145,0,0,40491237,0,0,0,0,0,2026-07-20T16:24:46+00:00
2026-07-19,deepseek/deepseek-chat-v3.1,standard,202752170002,10522479895,0,0,71645632,0,0,0,0,0,2026-07-20T16:24:46+00:00
2026-07-19,deepseek/deepseek-r1,standard,11549412359,2842331949,0,0,2156921,0,0,0,0,0,2026-07-20T16:24:46+00:00
2026-07-19,deepseek/deepseek-r1-0528,standard,37342551938,4375044926,0,0,4238424,0,0,0,0,0,2026-07-20T16:24:46+00:00
2026-07-19,deepseek/deepseek-r1-distill-llama-70b,standard,278861111,275554369,0,0,263602,0,0,0,0,0,2026-07-20T16:24:46+00:00
2026-07-19,deepseek/deepseek-v3.1-terminus,standard,117768261737,23800638443,0,0,60622953,0,0,0,0,0,2026-07-20T16:24:46+00:00
2026-07-19,deepseek/deepseek-v3.2-20251201,standard,2024185238617,130904815869,0,0,278373864,0,0,0,0,0,2026-07-20T16:24:46+00:00
2026-07-19,deepseek/deepseek-v3.2-exp,standard,70960236854,4863884653,0,0,11572818,0,0,0,0,0,2026-07-20T16:24:46+00:00
2026-07-19,deepseek/deepseek-v4-flash-20260423,standard,20882970427373,1127895610581,0,0,1993519428,0,0,0,0,0,2026-07-20T16:24:46+00:00
2026-07-19,deepseek/deepseek-v4-pro-20260423,standard,10102691187486,357719080803,0,0,352763570,0,0,0,0,0,2026-07-20T16:24:46+00:00
2026-07-19,google/chirp-3,standard,0,0,0,0,218877,0,0,0,0,0,2026-07-20T16:24:46+00:00
2026-07-19,google/gemini-2.5-flash,standard,2328658242279,183994182260,0,0,704823877,0,0,0,0,0,2026-07-20T16:24:46+00:00
2026-07-19,google/gemini-2.5-flash-image,standard,15558954313,10168908912,0,0,9402884,0,0,0,0,0,2026-07-20T16:24:46+00:00
2026-07-19,google/gemini-2.5-flash-lite,standard,2283331249657,237426112123,0,0,1034340771,0,0,0,0,0,2026-07-20T16:24:46+00:00
2026-07-19,google/gemini-2.5-pro,standard,292275711192,50017085926,0,0,27416631,0,0,0,0,0,2026-07-20T16:24:46+00:00
2026-07-19,google/gemini-3-flash-preview-20251217,standard,3747634307182,186639960356,0,0,529095970,0,0,0,0,0,2026-07-20T16:24:46+00:00
2026-07-19,google/gemini-3-pro-image-20260528,standard,2383617800,2091532551,0,0,1508100,0,0,0,0,0,2026-07-20T16:24:46+00:00
2026-07-19,google/gemini-3-pro-image-preview-20251120,standard,2728702733,3801151845,0,0,2539319,0,0,0,0,0,2026-07-20T16:24:46+00:00
2026-07-19,google/gemini-3.1-flash-image-20260528,standard,6215431333,3358744673,0,0,3222607,0,0,0,0,0,2026-07-20T16:24:46+00:00
2026-07-19,google/gemini-3.1-flash-image-preview-20260226,standard,7573371276,5726659484,0,0,5188661,0,0,0,0,0,2026-07-20T16:24:46+00:00
2026-07-19,google/gemini-3.1-flash-lite-20260507,standard,1843969460480,138572182470,0,0,424953854,0,0,0,0,0,2026-07-20T16:24:46+00:00
2026-07-19,google/gemini-3.1-flash-lite-image-20260630,standard,3247325696,974286460,0,0,1205654,0,0,0,0,0,2026-07-20T16:24:46+00:00
2026-07-19,google/gemini-3.1-flash-lite-preview-20260303,standard,623734164669,31168945056,0,0,119611400,0,0,0,0,0,2026-07-20T16:24:46+00:00
2026-07-19,google/gemini-3.1-flash-tts-preview,standard,390628186,602316502,0,0,2188278,0,0,0,0,0,2026-07-20T16:24:46+00:00
2026-07-19,google/gemini-3.1-pro-preview-20260219,standard,787349500086,96585956074,0,0,60464270,0,0,0,0,0,2026-07-20T16:24:46+00:00
2026-07-19,google/gemini-3.1-pro-preview-customtools-20260219,standard,19247732269,600911211,0,0,574574,0,0,0,0,0,2026-07-20T16:24:46+00:00
2026-07-19,google/gemini-3.5-flash-20260519,standard,1551052030027,82841587231,0,0,95312384,0,0,0,0,0,2026-07-20T16:24:46+00:00
2026-07-19,google/gemini-embedding-001,standard,52884914286,0,0,0,50110480,0,0,0,0,0,2026-07-20T16:24:46+00:00
2026-07-19,google/gemini-embedding-2,standard,35569667611,0,0,0,34627118,0,0,0,0,0,2026-07-20T16:24:46+00:00
2026-07-19,google/gemini-embedding-2-preview,standard,13559451150,0,0,0,11920934,0,0,0,0,0,2026-07-20T16:24:46+00:00
2026-07-19,google/gemma-2-27b-it,standard,312998444,62143215,0,0,638747,0,0,0,0,0,2026-07-20T16:24:46+00:00
2026-07-19,google/gemma-3-12b-it,standard,48757875576,6195925852,0,0,25516118,0,0,0,0,0,2026-07-20T16:24:46+00:00
2026-07-19,google/gemma-3-27b-it,standard,156681855655,53068007529,0,0,99654728,0,0,0,0,0,2026-07-20T16:24:46+00:00
2026-07-19,google/gemma-3-4b-it,standard,16049357229,3577426963,0,0,18533224,0,0,0,0,0,2026-07-20T16:24:46+00:00
2026-07-19,google/gemma-3n-e4b-it,standard,3754453553,768345030,0,0,8968461,0,0,0,0,0,2026-07-20T16:24:46+00:00
2026-07-19,google/gemma-4-26b-a4b-it-20260403,free,21763336173,1708873309,0,0,3912678,0,0,0,0,0,2026-07-20T16:24:46+00:00
2026-07-19,google/gemma-4-26b-a4b-it-20260403,standard,1261068575925,88520692735,0,0,290369740,0,0,0,0,0,2026-07-20T16:24:46+00:00
2026-07-19,google/gemma-4-31b-it-20260402,free,102043476874,3723643317,0,0,7815123,0,0,0,0,0,2026-07-20T16:24:46+00:00
2026-07-19,google/gemma-4-31b-it-20260402,standard,1177629428827,92596938548,0,0,264695303,0,0,0,0,0,2026-07-20T16:24:46+00:00
2026-07-19,google/lyria-3-clip-preview-20260330,standard,42585221,1118065,0,0,19975,0,0,0,0,0,2026-07-20T16:24:46+00:00
2026-07-19,google/lyria-3-pro-preview-20260330,standard,28155184,14036187,0,0,65804,0,0,0,0,0,2026-07-20T16:24:46+00:00
2026-07-19,google/veo-3.1-20260320,standard,0,0,0,0,97340,0,0,0,0,0,2026-07-20T16:24:46+00:00
2026-07-19,google/veo-3.1-fast-20260320,standard,0,0,0,0,212002,0,0,0,0,0,2026-07-20T16:24:46+00:00
2026-07-19,google/veo-3.1-lite-20260331,standard,0,0,0,0,74085,0,0,0,0,0,2026-07-20T16:24:46+00:00
2026-07-19,gryphe/mythomax-l2-13b,standard,3798040974,529832511,0,0,3201883,0,0,0,0,0,2026-07-20T16:24:46+00:00
2026-07-19,hexgrad/kokoro-82m,standard,205347939,0,0,0,1240535,0,0,0,0,0,2026-07-20T16:24:46+00:00
2026-07-19,ibm-granite/granite-4.0-h-micro,standard,75296499605,2238294386,0,0,2408135,0,0,0,0,0,2026-07-20T16:24:46+00:00
2026-07-19,ibm-granite/granite-4.1-8b-20260429,standard,15812964370,1276623557,0,0,7262294,0,0,0,0,0,2026-07-20T16:24:46+00:00
2026-07-19,inception/mercury-2-20260304,standard,25737159620,3032303179,0,0,7292112,0,0,0,0,0,2026-07-20T16:24:46+00:00
2026-07-19,inclusionai/ling-2.6-1t-20260423,standard,7568038293,94137801,0,0,325532,0,0,0,0,0,2026-07-20T16:24:46+00:00
2026-07-19,inclusionai/ling-2.6-flash-20260421,standard,161217142836,33304269445,0,0,112230521,0,0,0,0,0,2026-07-20T16:24:46+00:00
2026-07-19,inclusionai/ring-2.6-1t-20260508,standard,20655656245,943696281,0,0,591794,0,0,0,0,0,2026-07-20T16:24:46+00:00
2026-07-19,intfloat/e5-base-v2-20251117,standard,138921178,0,0,0,490040,0,0,0,0,0,2026-07-20T16:24:46+00:00
2026-07-19,intfloat/e5-large-v2-20251117,standard,371390100,0,0,0,2143349,0,0,0,0,0,2026-07-20T16:24:46+00:00
2026-07-19,intfloat/multilingual-e5-large-20251117,standard,8519304778,0,0,0,10727333,0,0,0,0,0,2026-07-20T16:24:46+00:00
2026-07-19,kwaipilot/kat-coder-air-v2.5-20260710,standard,3028858411,120001255,0,0,171431,0,0,0,0,0,2026-07-20T16:24:46+00:00
2026-07-19,kwaipilot/kat-coder-pro-v2-20260327,standard,7313565915,160771067,0,0,407997,0,0,0,0,0,2026-07-20T16:24:46+00:00
2026-07-19,kwaipilot/kat-coder-pro-v2.5-20260710,standard,2144133512,46769166,0,0,50781,0,0,0,0,0,2026-07-20T16:24:46+00:00
2026-07-19,kwaivgi/kling-v3.0-pro-20260429,standard,0,0,0,0,14590,0,0,0,0,0,2026-07-20T16:24:46+00:00
2026-07-19,kwaivgi/kling-v3.0-std-20260429,standard,0,0,0,0,12942,0,0,0,0,0,2026-07-20T16:24:46+00:00
2026-07-19,kwaivgi/kling-video-o1-20260420,standard,0,0,0,0,1650,0,0,0,0,0,2026-07-20T16:24:46+00:00
2026-07-19,mancer/weaver,standard,23560145,10190350,0,0,43554,0,0,0,0,0,2026-07-20T16:24:46+00:00
2026-07-19,meta-llama/llama-3.1-70b-instruct,standard,20190317337,1139196505,0,0,26122430,0,0,0,0,0,2026-07-20T16:24:46+00:00
2026-07-19,meta-llama/llama-3.1-8b-instruct,standard,201195679566,22784807735,0,0,224351647,0,0,0,0,0,2026-07-20T16:24:46+00:00
2026-07-19,meta-llama/llama-3.2-1b-instruct,standard,1190111882,796861081,0,0,1625364,0,0,0,0,0,2026-07-20T16:24:46+00:00
2026-07-19,meta-llama/llama-3.2-3b-instruct,free,150545095,49113280,0,0,85726,0,0,0,0,0,2026-07-20T16:24:46+00:00
2026-07-19,meta-llama/llama-3.2-3b-instruct,standard,1429744049,2983126787,0,0,3570599,0,0,0,0,0,2026-07-20T16:24:46+00:00
2026-07-19,meta-llama/llama-3.3-70b-instruct,free,839976781,69984513,0,0,190191,0,0,0,0,0,2026-07-20T16:24:46+00:00
2026-07-19,meta-llama/llama-3.3-70b-instruct,standard,112491063492,8485171041,0,0,74132627,0,0,0,0,0,2026-07-20T16:24:46+00:00
2026-07-19,meta-llama/llama-4-maverick-17b-128e-instruct,standard,141035150382,7005272768,0,0,129805228,0,0,0,0,0,2026-07-20T16:24:46+00:00
2026-07-19,meta-llama/llama-4-scout-17b-16e-instruct,standard,45564353627,2652885332,0,0,23154161,0,0,0,0,0,2026-07-20T16:24:46+00:00
2026-07-19,meta-llama/llama-guard-4-12b,standard,11595797211,73594436,0,0,19678444,0,0,0,0,0,2026-07-20T16:24:46+00:00
2026-07-19,meta/muse-spark-1.1-20260709,standard,32126480995,831749915,0,0,728749,0,0,0,0,0,2026-07-20T16:24:46+00:00
2026-07-19,microsoft/mai-image-2.5,standard,151476646,132870982,0,0,131648,0,0,0,0,0,2026-07-20T16:24:46+00:00
2026-07-19,microsoft/mai-transcribe-1.5,standard,0,0,0,0,176578,0,0,0,0,0,2026-07-20T16:24:46+00:00
2026-07-19,microsoft/mai-voice-2,standard,10859880,0,0,0,211614,0,0,0,0,0,2026-07-20T16:24:46+00:00
2026-07-19,microsoft/phi-4,standard,5778383923,1581417958,0,0,4322422,0,0,0,0,0,2026-07-20T16:24:46+00:00
2026-07-19,microsoft/wizardlm-2-8x22b,standard,4210039102,204271452,0,0,719204,0,0,0,0,0,2026-07-20T16:24:46+00:00
2026-07-19,minimax/hailuo-2.3-20260420,standard,0,0,0,0,1261,0,0,0,0,0,2026-07-20T16:24:46+00:00
2026-07-19,minimax/minimax-01,standard,1229401657,97158220,0,0,1433926,0,0,0,0,0,2026-07-20T16:24:46+00:00
2026-07-19,minimax/minimax-m1,standard,684833060,50399536,0,0,108133,0,0,0,0,0,2026-07-20T16:24:46+00:00
2026-07-19,minimax/minimax-m2,standard,10045991616,463618320,0,0,806078,0,0,0,0,0,2026-07-20T16:24:46+00:00
2026-07-19,minimax/minimax-m2-her-20260123,standard,1104398814,38437229,0,0,437742,0,0,0,0,0,2026-07-20T16:24:46+00:00
2026-07-19,minimax/minimax-m2.1,standard,10001195511,350145021,0,0,533692,0,0,0,0,0,2026-07-20T16:24:46+00:00
2026-07-19,minimax/minimax-m2.5-20260211,standard,167818568681,4203366432,0,0,7997347,0,0,0,0,0,2026-07-20T16:24:46+00:00
2026-07-19,minimax/minimax-m2.7-20260318,standard,571491099799,18025055098,0,0,27809797,0,0,0,0,0,2026-07-20T16:24:46+00:00
2026-07-19,minimax/minimax-m3-20260531,standard,16604629699834,211024233513,0,0,271286619,0,0,0,0,0,2026-07-20T16:24:46+00:00
2026-07-19,minimax/speech-2.8-hd-20260716,standard,55612,0,0,0,1352,0,0,0,0,0,2026-07-20T16:24:46+00:00
2026-07-19,minimax/speech-2.8-turbo-20260716,standard,33258,0,0,0,1738,0,0,0,0,0,2026-07-20T16:24:46+00:00
2026-07-19,mistralai/codestral-2508,standard,2920649291,172539535,0,0,853977,0,0,0,0,0,2026-07-20T16:24:46+00:00
2026-07-19,mistralai/codestral-embed-2505,standard,7479867861,0,0,0,1283078,0,0,0,0,0,2026-07-20T16:24:46+00:00
2026-07-19,mistralai/devstral-2512,standard,11107847195,372361283,0,0,1186004,0,0,0,0,0,2026-07-20T16:24:46+00:00
2026-07-19,mistralai/ministral-14b-2512,standard,18864157153,943822754,0,0,10278470,0,0,0,0,0,2026-07-20T16:24:46+00:00
2026-07-19,mistralai/ministral-3b-2512,standard,5937639471,1695812622,0,0,7069217,0,0,0,0,0,2026-07-20T16:24:46+00:00
2026-07-19,mistralai/ministral-8b-2512,standard,17873662053,2294002565,0,0,13274440,0,0,0,0,0,2026-07-20T16:24:46+00:00
2026-07-19,mistralai/mistral-embed-2312,standard,57076818801,0,0,0,8774334,0,0,0,0,0,2026-07-20T16:24:46+00:00
2026-07-19,mistralai/mistral-large,standard,3341495067,303229136,0,0,1077331,0,0,0,0,0,2026-07-20T16:24:46+00:00
2026-07-19,mistralai/mistral-large-2407,standard,347948316,74005895,0,0,171952,0,0,0,0,0,2026-07-20T16:24:46+00:00
2026-07-19,mistralai/mistral-large-2512,standard,25102848070,1851218881,0,0,6477673,0,0,0,0,0,2026-07-20T16:24:46+00:00
2026-07-19,mistralai/mistral-medium-3,standard,3407011367,108320273,0,0,11549972,0,0,0,0,0,2026-07-20T16:24:46+00:00
2026-07-19,mistralai/mistral-medium-3.1,standard,8501286974,820602359,0,0,1765800,0,0,0,0,0,2026-07-20T16:24:46+00:00
2026-07-19,mistralai/mistral-medium-3.5-20260430,standard,16997551571,966691327,0,0,2154989,0,0,0,0,0,2026-07-20T16:24:46+00:00
2026-07-19,mistralai/mistral-nemo,standard,1046059154765,69408671625,0,0,410858415,0,0,0,0,0,2026-07-20T16:24:46+00:00
2026-07-19,mistralai/mistral-saba-2502,standard,114826036,12832796,0,0,94547,0,0,0,0,0,2026-07-20T16:24:46+00:00
2026-07-19,mistralai/mistral-small-24b-instruct-2501,standard,29487727245,3604860034,0,0,19681781,0,0,0,0,0,2026-07-20T16:24:46+00:00
2026-07-19,mistralai/mistral-small-2603,standard,82081090333,7418724168,0,0,20643301,0,0,0,0,0,2026-07-20T16:24:46+00:00
2026-07-19,mistralai/mistral-small-3.1-24b-instruct-2503,standard,2103425591,134345642,0,0,1498243,0,0,0,0,0,2026-07-20T16:24:46+00:00
2026-07-19,mistralai/mistral-small-3.2-24b-instruct-2506,standard,126122181448,10751857429,0,0,49667769,0,0,0,0,0,2026-07-20T16:24:46+00:00
2026-07-19,mistralai/mixtral-8x22b-instruct,standard,686392699,155598497,0,0,267281,0,0,0,0,0,2026-07-20T16:24:46+00:00
2026-07-19,mistralai/voxtral-mini-transcribe-2602,standard,2424770,22983136,0,0,479092,0,0,0,0,0,2026-07-20T16:24:46+00:00
2026-07-19,mistralai/voxtral-mini-tts-2603,standard,815269,0,0,0,14119,0,0,0,0,0,2026-07-20T16:24:46+00:00
2026-07-19,mistralai/voxtral-small-24b-2507,standard,456712765,217503807,0,0,1071231,0,0,0,0,0,2026-07-20T16:24:46+00:00
2026-07-19,moonshotai/kimi-k2,standard,12135413483,618238212,0,0,2201246,0,0,0,0,0,2026-07-20T16:24:46+00:00
2026-07-19,moonshotai/kimi-k2-0905,standard,57755402220,2056802440,0,0,16723632,0,0,0,0,0,2026-07-20T16:24:46+00:00
2026-07-19,moonshotai/kimi-k2-thinking-20251106,standard,7834767920,1897112542,0,0,913589,0,0,0,0,0,2026-07-20T16:24:46+00:00
2026-07-19,moonshotai/kimi-k2.5-0127,standard,570874916370,27213340229,0,0,32688809,0,0,0,0,0,2026-07-20T16:24:46+00:00
2026-07-19,moonshotai/kimi-k2.6-20260420,standard,1430116382308,71072624400,0,0,54020322,0,0,0,0,0,2026-07-20T16:24:46+00:00
2026-07-19,moonshotai/kimi-k2.7-code-20260612,standard,741865352618,18380835883,0,0,15114398,0,0,0,0,0,2026-07-20T16:24:46+00:00
2026-07-19,moonshotai/kimi-k3-20260715,standard,375371487491,5103337565,0,0,4814826,0,0,0,0,0,2026-07-20T16:24:46+00:00
2026-07-19,morph/morph-v3-fast,standard,77116249,282854949,0,0,32132,0,0,0,0,0,2026-07-20T16:24:46+00:00
2026-07-19,morph/morph-v3-large,standard,722685006,605083382,0,0,120164,0,0,0,0,0,2026-07-20T16:24:46+00:00
2026-07-19,nex-agi/nex-n2-mini,standard,11146545145,689551843,0,0,812678,0,0,0,0,0,2026-07-20T16:24:46+00:00
2026-07-19,nex-agi/nex-n2-pro,standard,8181446282,577011902,0,0,328061,0,0,0,0,0,2026-07-20T16:24:46+00:00
2026-07-19,nousresearch/hermes-3-llama-3.1-405b,free,150091209,35461641,0,0,82952,0,0,0,0,0,2026-07-20T16:24:46+00:00
2026-07-19,nousresearch/hermes-3-llama-3.1-405b,standard,2414173646,149252955,0,0,953119,0,0,0,0,0,2026-07-20T16:24:46+00:00
2026-07-19,nousresearch/hermes-3-llama-3.1-70b,standard,1580843531,157619939,0,0,690109,0,0,0,0,0,2026-07-20T16:24:46+00:00
2026-07-19,nousresearch/hermes-4-405b,standard,1713294716,122808066,0,0,505903,0,0,0,0,0,2026-07-20T16:24:46+00:00
2026-07-19,nousresearch/hermes-4-70b,standard,9637466042,807891074,0,0,3659888,0,0,0,0,0,2026-07-20T16:24:46+00:00
2026-07-19,nvidia/llama-nemotron-embed-vl-1b-v2,free,38424,0,0,0,46,0,0,0,0,0,2026-07-20T16:24:46+00:00
2026-07-19,nvidia/llama-nemotron-embed-vl-1b-v2-20260224,free,23546200623,0,0,0,19262529,0,0,0,0,0,2026-07-20T16:24:46+00:00
2026-07-19,nvidia/llama-nemotron-rerank-vl-1b-v2,free,35538082815,0,0,0,4208199,0,0,0,0,0,2026-07-20T16:24:46+00:00
2026-07-19,nvidia/nemotron-3-embed-1b-20260716,free,373795970,0,0,0,211284,0,0,0,0,0,2026-07-20T16:24:46+00:00
2026-07-19,nvidia/nemotron-3-nano-30b-a3b,free,146959081225,13072744679,0,0,8026021,0,0,0,0,0,2026-07-20T16:24:46+00:00
2026-07-19,nvidia/nemotron-3-nano-30b-a3b,standard,76806958698,7175274588,0,0,22675683,0,0,0,0,0,2026-07-20T16:24:46+00:00
2026-07-19,nvidia/nemotron-3-nano-omni-30b-a3b-reasoning-20260428,free,73932742298,15893093331,0,0,5337252,0,0,0,0,0,2026-07-20T16:24:46+00:00
2026-07-19,nvidia/nemotron-3-nano-omni-30b-a3b-reasoning-20260428,standard,471549200,12789919,0,0,25471,0,0,0,0,0,2026-07-20T16:24:46+00:00
2026-07-19,nvidia/nemotron-3-super-120b-a12b-20230311,free,1483240011303,53361520144,0,0,45433147,0,0,0,0,0,2026-07-20T16:24:46+00:00
2026-07-19,nvidia/nemotron-3-super-120b-a12b-20230311,standard,81586561747,2787654576,0,0,6345009,0,0,0,0,0,2026-07-20T16:24:46+00:00
2026-07-19,nvidia/nemotron-3-ultra-550b-a55b-20260604,free,6911768546609,41168116804,0,0,68951578,0,0,0,0,0,2026-07-20T16:24:46+00:00
2026-07-19,nvidia/nemotron-3-ultra-550b-a55b-20260604,standard,181664533558,5280910776,0,0,10435478,0,0,0,0,0,2026-07-20T16:24:46+00:00
2026-07-19,nvidia/nemotron-3.5-content-safety-20260604,free,5213839771,389605725,0,0,2317419,0,0,0,0,0,2026-07-20T16:24:46+00:00
2026-07-19,nvidia/nemotron-3.5-content-safety-20260604,standard,1276271,352906,0,0,1689,0,0,0,0,0,2026-07-20T16:24:46+00:00
2026-07-19,nvidia/nemotron-nano-12b-v2-vl,free,33015342823,1176058464,0,0,2860878,0,0,0,0,0,2026-07-20T16:24:46+00:00
2026-07-19,nvidia/nemotron-nano-12b-v2-vl,standard,17808195,1213180,0,0,1572,0,0,0,0,0,2026-07-20T16:24:46+00:00
2026-07-19,nvidia/nemotron-nano-9b-v2,free,50097043163,4837438359,0,0,3851621,0,0,0,0,0,2026-07-20T16:24:46+00:00
2026-07-19,nvidia/nemotron-nano-9b-v2,standard,11430844,1236106,0,0,5474,0,0,0,0,0,2026-07-20T16:24:46+00:00
2026-07-19,nvidia/parakeet-tdt-0.6b-v3,standard,0,0,0,0,3724234,0,0,0,0,0,2026-07-20T16:24:46+00:00
2026-07-19,openai/gpt-3.5-turbo,standard,4353411326,745102352,0,0,5565932,0,0,0,0,0,2026-07-20T16:24:46+00:00
2026-07-19,openai/gpt-3.5-turbo-0613,standard,36246276,9244344,0,0,75514,0,0,0,0,0,2026-07-20T16:24:46+00:00
2026-07-19,openai/gpt-3.5-turbo-16k,standard,32286757,2269977,0,0,39654,0,0,0,0,0,2026-07-20T16:24:46+00:00
2026-07-19,openai/gpt-3.5-turbo-instruct,standard,33091310,13083566,0,0,113910,0,0,0,0,0,2026-07-20T16:24:46+00:00
2026-07-19,openai/gpt-4,standard,218465495,42097049,0,0,277224,0,0,0,0,0,2026-07-20T16:24:46+00:00
2026-07-19,openai/gpt-4-turbo,standard,229112283,51999007,0,0,382108,0,0,0,0,0,2026-07-20T16:24:46+00:00
2026-07-19,openai/gpt-4.1-2025-04-14,standard,176256413576,6269851264,0,0,45510113,0,0,0,0,0,2026-07-20T16:24:46+00:00
2026-07-19,openai/gpt-4.1-mini-2025-04-14,standard,303145297703,18952719712,0,0,130418188,0,0,0,0,0,2026-07-20T16:24:46+00:00
2026-07-19,openai/gpt-4.1-nano-2025-04-14,standard,86120728567,7014270005,0,0,46291433,0,0,0,0,0,2026-07-20T16:24:46+00:00
2026-07-19,openai/gpt-4o,standard,51575703721,3690268863,0,0,25658539,0,0,0,0,0,2026-07-20T16:24:46+00:00
2026-07-19,openai/gpt-4o-2024-05-13,standard,362264064,15563811,0,0,206708,0,0,0,0,0,2026-07-20T16:24:46+00:00
2026-07-19,openai/gpt-4o-2024-08-06,standard,7499332549,169800398,0,0,5584790,0,0,0,0,0,2026-07-20T16:24:46+00:00
2026-07-19,openai/gpt-4o-2024-11-20,standard,9075366161,269036232,0,0,1941630,0,0,0,0,0,2026-07-20T16:24:46+00:00
2026-07-19,openai/gpt-4o-mini,standard,1462546492121,52096231440,0,0,516314832,0,0,0,0,0,2026-07-20T16:24:46+00:00
2026-07-19,openai/gpt-4o-mini-2024-07-18,standard,41947764561,1945722137,0,0,19778484,0,0,0,0,0,2026-07-20T16:24:46+00:00
2026-07-19,openai/gpt-4o-mini-search-preview-2025-03-11,standard,269351801,125032521,0,0,323665,0,0,0,0,0,2026-07-20T16:24:46+00:00
2026-07-19,openai/gpt-4o-mini-transcribe,standard,549469524,145916609,0,0,2714812,0,0,0,0,0,2026-07-20T16:24:46+00:00
2026-07-19,openai/gpt-4o-search-preview-2025-03-11,standard,82494876,148276095,0,0,389296,0,0,0,0,0,2026-07-20T16:24:46+00:00
2026-07-19,openai/gpt-4o-transcribe,standard,120733469,31451215,0,0,310159,0,0,0,0,0,2026-07-20T16:24:46+00:00
2026-07-19,openai/gpt-5-2025-08-07,standard,205644568811,13730765156,0,0,18219808,0,0,0,0,0,2026-07-20T16:24:46+00:00
2026-07-19,openai/gpt-5-chat-2025-08-07,standard,6127562616,469625782,0,0,2333952,0,0,0,0,0,2026-07-20T16:24:46+00:00
2026-07-19,openai/gpt-5-codex,standard,6760553668,106725044,0,0,177786,0,0,0,0,0,2026-07-20T16:24:46+00:00
2026-07-19,openai/gpt-5-image,standard,146934845,275867812,0,0,57705,0,0,0,0,0,2026-07-20T16:24:46+00:00
2026-07-19,openai/gpt-5-image-mini,standard,403344981,639268847,0,0,135094,0,0,0,0,0,2026-07-20T16:24:46+00:00
2026-07-19,openai/gpt-5-mini-2025-08-07,standard,665065447360,66800191974,0,0,105490185,0,0,0,0,0,2026-07-20T16:24:46+00:00
2026-07-19,openai/gpt-5-nano-2025-08-07,standard,183358424361,53468133180,0,0,61285516,0,0,0,0,0,2026-07-20T16:24:46+00:00
2026-07-19,openai/gpt-5-pro-2025-10-06,standard,50509162,14204188,0,0,13885,0,0,0,0,0,2026-07-20T16:24:46+00:00
2026-07-19,openai/gpt-5.1-20251113,standard,128754700275,6585687970,0,0,11891030,0,0,0,0,0,2026-07-20T16:24:46+00:00
2026-07-19,openai/gpt-5.1-chat-20251113,standard,10144499314,405517516,0,0,3315753,0,0,0,0,0,2026-07-20T16:24:46+00:00
2026-07-19,openai/gpt-5.1-codex-20251113,standard,5418197957,128958438,0,0,190028,0,0,0,0,0,2026-07-20T16:24:46+00:00
2026-07-19,openai/gpt-5.1-codex-max-20251204,standard,2236388993,83967406,0,0,95261,0,0,0,0,0,2026-07-20T16:24:46+00:00
2026-07-19,openai/gpt-5.1-codex-mini-20251113,standard,17634569724,1440146046,0,0,1013027,0,0,0,0,0,2026-07-20T16:24:46+00:00
2026-07-19,openai/gpt-5.2-20251211,standard,294245421849,13171201988,0,0,44624899,0,0,0,0,0,2026-07-20T16:24:46+00:00
2026-07-19,openai/gpt-5.2-chat-20251211,standard,10537644718,409004498,0,0,1738345,0,0,0,0,0,2026-07-20T16:24:46+00:00
2026-07-19,openai/gpt-5.2-codex-20260114,standard,5470669635,136775732,0,0,186164,0,0,0,0,0,2026-07-20T16:24:46+00:00
2026-07-19,openai/gpt-5.2-pro-20251211,standard,147740037,18497120,0,0,53878,0,0,0,0,0,2026-07-20T16:24:46+00:00
2026-07-19,openai/gpt-5.3-chat-20260303,standard,26656384141,910584297,0,0,3985169,0,0,0,0,0,2026-07-20T16:24:46+00:00
2026-07-19,openai/gpt-5.3-codex-20260224,standard,222932729910,2705546307,0,0,5280797,0,0,0,0,0,2026-07-20T16:24:46+00:00
2026-07-19,openai/gpt-5.4-20260305,standard,1565054851616,52041293739,0,0,63557237,0,0,0,0,0,2026-07-20T16:24:46+00:00
2026-07-19,openai/gpt-5.4-image-2-20260421,standard,3187727046,4040748310,0,0,771089,0,0,0,0,0,2026-07-20T16:24:46+00:00
2026-07-19,openai/gpt-5.4-mini-20260317,standard,812807389072,39912391332,0,0,132220624,0,0,0,0,0,2026-07-20T16:24:46+00:00
2026-07-19,openai/gpt-5.4-nano-20260317,standard,562370513916,23196314709,0,0,96320642,0,0,0,0,0,2026-07-20T16:24:46+00:00
2026-07-19,openai/gpt-5.4-pro-20260305,standard,295777463,35662156,0,0,69027,0,0,0,0,0,2026-07-20T16:24:46+00:00
2026-07-19,openai/gpt-5.5-20260423,standard,3872177704290,57181176391,0,0,93189085,0,0,0,0,0,2026-07-20T16:24:46+00:00
2026-07-19,openai/gpt-5.5-pro-20260423,standard,7421230704,765805691,0,0,345060,0,0,0,0,0,2026-07-20T16:24:46+00:00
2026-07-19,openai/gpt-5.6-luna-20260709,standard,331189211608,10944794610,0,0,19779860,0,0,0,0,0,2026-07-20T16:24:46+00:00
2026-07-19,openai/gpt-5.6-luna-pro-20260709,standard,61826444449,1580281971,0,0,727908,0,0,0,0,0,2026-07-20T16:24:46+00:00
2026-07-19,openai/gpt-5.6-sol-20260709,standard,595266726119,9631167881,0,0,11976789,0,0,0,0,0,2026-07-20T16:24:46+00:00
2026-07-19,openai/gpt-5.6-sol-pro-20260709,standard,80749246312,1646747940,0,0,615362,0,0,0,0,0,2026-07-20T16:24:46+00:00
2026-07-19,openai/gpt-5.6-terra-20260709,standard,179378779856,4837619873,0,0,10766466,0,0,0,0,0,2026-07-20T16:24:46+00:00
2026-07-19,openai/gpt-5.6-terra-pro-20260709,standard,24274982706,670970282,0,0,262050,0,0,0,0,0,2026-07-20T16:24:46+00:00
2026-07-19,openai/gpt-audio,standard,75269370,45191268,0,0,189779,0,0,0,0,0,2026-07-20T16:24:46+00:00
2026-07-19,openai/gpt-audio-mini,standard,683637213,176693993,0,0,703561,0,0,0,0,0,2026-07-20T16:24:46+00:00
2026-07-19,openai/gpt-chat-latest-20260505,standard,2276886955,98750759,0,0,379106,0,0,0,0,0,2026-07-20T16:24:46+00:00
2026-07-19,openai/gpt-image-1,standard,7339567,58436320,0,0,21758,0,0,0,0,0,2026-07-20T16:24:46+00:00
2026-07-19,openai/gpt-image-1-mini,standard,8178741,40218412,0,0,20332,0,0,0,0,0,2026-07-20T16:24:46+00:00
2026-07-19,openai/gpt-image-2,standard,1287753670,1134979127,0,0,883519,0,0,0,0,0,2026-07-20T16:24:46+00:00
2026-07-19,openai/gpt-oss-120b,standard,1698520663429,303249613939,0,0,467942076,0,0,0,0,0,2026-07-20T16:24:46+00:00
2026-07-19,openai/gpt-oss-20b,free,74314978261,15397041256,0,0,24769587,0,0,0,0,0,2026-07-20T16:24:46+00:00
2026-07-19,openai/gpt-oss-20b,standard,366279474645,110752195733,0,0,134798570,0,0,0,0,0,2026-07-20T16:24:46+00:00
2026-07-19,openai/gpt-oss-safeguard-20b,standard,21859291453,3213390926,0,0,13440919,0,0,0,0,0,2026-07-20T16:24:46+00:00
2026-07-19,openai/o1-2024-12-17,standard,46291874,118668920,0,0,63886,0,0,0,0,0,2026-07-20T16:24:46+00:00
2026-07-19,openai/o1-pro,standard,1988607,7971052,0,0,9589,0,0,0,0,0,2026-07-20T16:24:46+00:00
2026-07-19,openai/o3-2025-04-16,standard,3758490350,630557521,0,0,939692,0,0,0,0,0,2026-07-20T16:24:46+00:00
2026-07-19,openai/o3-deep-research-2025-06-26,standard,84211190,46714660,0,0,6452,0,0,0,0,0,2026-07-20T16:24:46+00:00
2026-07-19,openai/o3-mini-2025-01-31,standard,6692092776,13509484186,0,0,2892050,0,0,0,0,0,2026-07-20T16:24:46+00:00
2026-07-19,openai/o3-mini-high-2025-01-31,standard,70055635,35818330,0,0,23659,0,0,0,0,0,2026-07-20T16:24:46+00:00
2026-07-19,openai/o3-pro-2025-06-10,standard,30367215,11238251,0,0,14309,0,0,0,0,0,2026-07-20T16:24:46+00:00
2026-07-19,openai/o4-mini-2025-04-16,standard,78503550702,10154893278,0,0,15025274,0,0,0,0,0,2026-07-20T16:24:46+00:00
2026-07-19,openai/o4-mini-deep-research-2025-06-26,standard,114958878,51522389,0,0,8478,0,0,0,0,0,2026-07-20T16:24:46+00:00
2026-07-19,openai/o4-mini-high-2025-04-16,standard,454582220,213186910,0,0,147754,0,0,0,0,0,2026-07-20T16:24:46+00:00
2026-07-19,openai/sora-2-pro-20260320,standard,0,0,0,0,888,0,0,0,0,0,2026-07-20T16:24:46+00:00
2026-07-19,openai/text-embedding-3-large,standard,85786361200,0,0,0,49107007,0,0,0,0,0,2026-07-20T16:24:46+00:00
2026-07-19,openai/text-embedding-3-small,standard,576301176422,0,0,0,308640049,0,0,0,0,0,2026-07-20T16:24:46+00:00
2026-07-19,openai/text-embedding-ada-002,standard,5446342442,0,0,0,11247123,0,0,0,0,0,2026-07-20T16:24:46+00:00
2026-07-19,openai/whisper-1,standard,0,0,0,0,372118,0,0,0,0,0,2026-07-20T16:24:46+00:00
2026-07-19,openai/whisper-large-v3,standard,0,0,0,0,10642319,0,0,0,0,0,2026-07-20T16:24:46+00:00
2026-07-19,openai/whisper-large-v3-turbo,standard,0,0,0,0,3421661,0,0,0,0,0,2026-07-20T16:24:46+00:00
2026-07-19,openrouter/bodybuilder,standard,0,0,0,0,4152,0,0,0,0,0,2026-07-20T16:24:46+00:00
2026-07-19,perceptron/perceptron-mk1-20260512,standard,17794822026,105738363,0,0,1804148,0,0,0,0,0,2026-07-20T16:24:46+00:00
2026-07-19,perplexity/pplx-embed-v1-0.6B,standard,54175028033,0,0,0,41253998,0,0,0,0,0,2026-07-20T16:24:46+00:00
2026-07-19,perplexity/pplx-embed-v1-0.6b,standard,257867,0,0,0,2968,0,0,0,0,0,2026-07-20T16:24:46+00:00
2026-07-19,perplexity/pplx-embed-v1-4B,standard,11118296106,0,0,0,12291888,0,0,0,0,0,2026-07-20T16:24:46+00:00
2026-07-19,perplexity/sonar,standard,6168250943,4110681099,0,0,7413710,0,0,0,0,0,2026-07-20T16:24:46+00:00
2026-07-19,perplexity/sonar-deep-research,standard,140496713,304935463,0,0,48674,0,0,0,0,0,2026-07-20T16:24:46+00:00
2026-07-19,perplexity/sonar-pro,standard,2991522658,2430034369,0,0,3241635,0,0,0,0,0,2026-07-20T16:24:46+00:00
2026-07-19,perplexity/sonar-pro-search,standard,1077724524,552574238,0,0,511955,0,0,0,0,0,2026-07-20T16:24:46+00:00
2026-07-19,perplexity/sonar-reasoning-pro,standard,264890924,172751180,0,0,183363,0,0,0,0,0,2026-07-20T16:24:46+00:00
2026-07-19,poolside/laguna-m.1-20260312,free,2599190422074,16834509529,0,0,36983391,0,0,0,0,0,2026-07-20T16:24:46+00:00
2026-07-19,poolside/laguna-m.1-20260312,standard,37521203309,250258295,0,0,634923,0,0,0,0,0,2026-07-20T16:24:46+00:00
2026-07-19,poolside/laguna-xs-2.1-20260625,free,262598621375,4739961211,0,0,5673884,0,0,0,0,0,2026-07-20T16:24:46+00:00
2026-07-19,poolside/laguna-xs-2.1-20260625,standard,25052998238,884598518,0,0,1281563,0,0,0,0,0,2026-07-20T16:24:46+00:00
2026-07-19,qwen/qwen-2.5-72b-instruct,standard,16207110742,1648202475,0,0,10219479,0,0,0,0,0,2026-07-20T16:24:46+00:00
2026-07-19,qwen/qwen-2.5-7b-instruct,standard,30909111147,3580547084,0,0,26246954,0,0,0,0,0,2026-07-20T16:24:46+00:00
2026-07-19,qwen/qwen-2.5-coder-32b-instruct,standard,197902711,31270267,0,0,223398,0,0,0,0,0,2026-07-20T16:24:46+00:00
2026-07-19,qwen/qwen-plus-2025-01-25,standard,7518649007,440209778,0,0,1293884,0,0,0,0,0,2026-07-20T16:24:46+00:00
2026-07-19,qwen/qwen-plus-2025-07-28,standard,1721495109,84101713,0,0,529721,0,0,0,0,0,2026-07-20T16:24:46+00:00
2026-07-19,qwen/qwen-plus-2025-07-28,thinking,118605667,29323992,0,0,33272,0,0,0,0,0,2026-07-20T16:24:46+00:00
2026-07-19,qwen/qwen2.5-vl-72b-instruct,standard,11885374088,570908043,0,0,6177480,0,0,0,0,0,2026-07-20T16:24:46+00:00
2026-07-19,qwen/qwen3-14b-04-28,standard,6610099272,2532129247,0,0,5921146,0,0,0,0,0,2026-07-20T16:24:46+00:00
2026-07-19,qwen/qwen3-235b-a22b-04-28,standard,6608649735,1765215071,0,0,2021900,0,0,0,0,0,2026-07-20T16:24:46+00:00
2026-07-19,qwen/qwen3-235b-a22b-07-25,standard,318604754200,21866638122,0,0,99571738,0,0,0,0,0,2026-07-20T16:24:46+00:00
2026-07-19,qwen/qwen3-235b-a22b-thinking-2507,standard,18877843123,4365855359,0,0,2247743,0,0,0,0,0,2026-07-20T16:24:46+00:00
2026-07-19,qwen/qwen3-30b-a3b-04-28,standard,8845329408,2951399352,0,0,3058949,0,0,0,0,0,2026-07-20T16:24:46+00:00
2026-07-19,qwen/qwen3-30b-a3b-instruct-2507,standard,61926020098,4237072387,0,0,21088781,0,0,0,0,0,2026-07-20T16:24:46+00:00
2026-07-19,qwen/qwen3-30b-a3b-thinking-2507,standard,5611196297,1531290979,0,0,1110782,0,0,0,0,0,2026-07-20T16:24:46+00:00
2026-07-19,qwen/qwen3-32b-04-28,standard,51759703130,10362741343,0,0,40006831,0,0,0,0,0,2026-07-20T16:24:46+00:00
2026-07-19,qwen/qwen3-8b-04-28,standard,12774693391,5062611578,0,0,11382101,0,0,0,0,0,2026-07-20T16:24:46+00:00
2026-07-19,qwen/qwen3-asr-flash-2026-02-10,standard,0,0,0,0,1081957,0,0,0,0,0,2026-07-20T16:24:46+00:00
2026-07-19,qwen/qwen3-coder-30b-a3b-instruct,standard,23008957210,1366794338,0,0,3196364,0,0,0,0,0,2026-07-20T16:24:46+00:00
2026-07-19,qwen/qwen3-coder-480b-a35b-07-25,free,0,0,0,0,726,0,0,0,0,0,2026-07-20T16:24:46+00:00
2026-07-19,qwen/qwen3-coder-480b-a35b-07-25,standard,152698920877,1514066906,0,0,6755582,0,0,0,0,0,2026-07-20T16:24:46+00:00
2026-07-19,qwen/qwen3-coder-flash,standard,8561149331,124344376,0,0,488364,0,0,0,0,0,2026-07-20T16:24:46+00:00
2026-07-19,qwen/qwen3-coder-next-2025-02-03,standard,90010918419,1629567748,0,0,4226858,0,0,0,0,0,2026-07-20T16:24:46+00:00
2026-07-19,qwen/qwen3-coder-plus,standard,10874726751,122842918,0,0,496841,0,0,0,0,0,2026-07-20T16:24:46+00:00
2026-07-19,qwen/qwen3-embedding-4b,standard,53851296169,0,0,0,22877518,0,0,0,0,0,2026-07-20T16:24:46+00:00
2026-07-19,qwen/qwen3-embedding-8b,standard,487210592937,0,0,0,254009824,0,0,0,0,0,2026-07-20T16:24:46+00:00
2026-07-19,qwen/qwen3-max,standard,7901109262,330370478,0,0,1334536,0,0,0,0,0,2026-07-20T16:24:46+00:00
2026-07-19,qwen/qwen3-max-thinking-20260123,standard,1836853815,466187026,0,0,457620,0,0,0,0,0,2026-07-20T16:24:46+00:00
2026-07-19,qwen/qwen3-next-80b-a3b-instruct-2509,free,985541216,119320565,0,0,158291,0,0,0,0,0,2026-07-20T16:24:46+00:00
2026-07-19,qwen/qwen3-next-80b-a3b-instruct-2509,standard,160989199138,10282025314,0,0,18055498,0,0,0,0,0,2026-07-20T16:24:46+00:00
2026-07-19,qwen/qwen3-next-80b-a3b-thinking-2509,standard,946892992,1174891707,0,0,417370,0,0,0,0,0,2026-07-20T16:24:46+00:00
2026-07-19,qwen/qwen3-vl-235b-a22b-instruct,standard,55924397358,3560733818,0,0,18502308,0,0,0,0,0,2026-07-20T16:24:46+00:00
2026-07-19,qwen/qwen3-vl-235b-a22b-thinking,standard,2841849979,442866102,0,0,480946,0,0,0,0,0,2026-07-20T16:24:46+00:00
2026-07-19,qwen/qwen3-vl-30b-a3b-instruct,standard,33002011835,2063043946,0,0,22268843,0,0,0,0,0,2026-07-20T16:24:46+00:00
2026-07-19,qwen/qwen3-vl-30b-a3b-thinking,standard,2376247671,530216728,0,0,394607,0,0,0,0,0,2026-07-20T16:24:46+00:00
2026-07-19,qwen/qwen3-vl-32b-instruct,standard,48645779076,4700042672,0,0,19947477,0,0,0,0,0,2026-07-20T16:24:46+00:00
2026-07-19,qwen/qwen3-vl-8b-instruct,standard,37312293344,2939200802,0,0,31589568,0,0,0,0,0,2026-07-20T16:24:46+00:00
2026-07-19,qwen/qwen3-vl-8b-thinking,standard,312277552,199998733,0,0,83963,0,0,0,0,0,2026-07-20T16:24:46+00:00
2026-07-19,qwen/qwen3.5-122b-a10b-20260224,standard,34188999252,3128556780,0,0,3520755,0,0,0,0,0,2026-07-20T16:24:46+00:00
2026-07-19,qwen/qwen3.5-27b-20260224,standard,80568986511,5205714253,0,0,13718804,0,0,0,0,0,2026-07-20T16:24:46+00:00
2026-07-19,qwen/qwen3.5-35b-a3b-20260224,standard,151992780464,8860878892,0,0,11449581,0,0,0,0,0,2026-07-20T16:24:46+00:00
2026-07-19,qwen/qwen3.5-397b-a17b-20260216,standard,125037284687,12667822470,0,0,14425235,0,0,0,0,0,2026-07-20T16:24:46+00:00
2026-07-19,qwen/qwen3.5-9b-20260310,standard,84375123704,17508375635,0,0,39928755,0,0,0,0,0,2026-07-20T16:24:46+00:00
2026-07-19,qwen/qwen3.5-flash-20260224,standard,195675422014,50389979349,0,0,97544930,0,0,0,0,0,2026-07-20T16:24:46+00:00
2026-07-19,qwen/qwen3.5-plus-20260216,standard,13669372732,2484821114,0,0,1556320,0,0,0,0,0,2026-07-20T16:24:46+00:00
2026-07-19,qwen/qwen3.5-plus-20260420,standard,7407020697,544383930,0,0,1420644,0,0,0,0,0,2026-07-20T16:24:46+00:00
2026-07-19,qwen/qwen3.6-27b-20260422,standard,225682430271,9037965322,0,0,27775281,0,0,0,0,0,2026-07-20T16:24:46+00:00
2026-07-19,qwen/qwen3.6-35b-a3b-20260415,standard,280017448502,20809001680,0,0,27840709,0,0,0,0,0,2026-07-20T16:24:46+00:00
2026-07-19,qwen/qwen3.6-flash,standard,80920434882,18901013532,0,0,15560354,0,0,0,0,0,2026-07-20T16:24:46+00:00
2026-07-19,qwen/qwen3.6-max-preview-20260420,standard,13603865607,942864199,0,0,1052766,0,0,0,0,0,2026-07-20T16:24:46+00:00
2026-07-19,qwen/qwen3.6-plus-04-02,standard,290756553103,15397995371,0,0,43068300,0,0,0,0,0,2026-07-20T16:24:46+00:00
2026-07-19,qwen/qwen3.7-max-20260520,standard,717862409981,29372990574,0,0,34321714,0,0,0,0,0,2026-07-20T16:24:46+00:00
2026-07-19,qwen/qwen3.7-plus-20260602,standard,637882881457,28310346897,0,0,58214974,0,0,0,0,0,2026-07-20T16:24:46+00:00
2026-07-19,recraft/recraft-v3-20260413,standard,406329,9949025,0,0,2352,0,0,0,0,0,2026-07-20T16:24:46+00:00
2026-07-19,recraft/recraft-v4-20260413,standard,1275743,28473500,0,0,6814,0,0,0,0,0,2026-07-20T16:24:46+00:00
2026-07-19,recraft/recraft-v4-pro-20260413,standard,1133694,22453150,0,0,5364,0,0,0,0,0,2026-07-20T16:24:46+00:00
2026-07-19,recraft/recraft-v4-pro-vector-20260514,standard,212937,1678350,0,0,400,0,0,0,0,0,2026-07-20T16:24:46+00:00
2026-07-19,recraft/recraft-v4-vector-20260514,standard,107647,2805600,0,0,652,0,0,0,0,0,2026-07-20T16:24:46+00:00
2026-07-19,recraft/recraft-v4.1-20260514,standard,3841693,63723025,0,0,15198,0,0,0,0,0,2026-07-20T16:24:46+00:00
2026-07-19,recraft/recraft-v4.1-pro-20260514,standard,1316470,11573100,0,0,2751,0,0,0,0,0,2026-07-20T16:24:46+00:00
2026-07-19,recraft/recraft-v4.1-pro-vector-20260514,standard,2031717,17125850,0,0,4070,0,0,0,0,0,2026-07-20T16:24:46+00:00
2026-07-19,recraft/recraft-v4.1-utility-20260514,standard,3579794,24619975,0,0,5888,0,0,0,0,0,2026-07-20T16:24:46+00:00
2026-07-19,recraft/recraft-v4.1-utility-pro-20260514,standard,1186655,6032875,0,0,1440,0,0,0,0,0,2026-07-20T16:24:46+00:00
2026-07-19,recraft/recraft-v4.1-vector-20260514,standard,1197422,32360425,0,0,7671,0,0,0,0,0,2026-07-20T16:24:46+00:00
2026-07-19,rekaai/reka-edge-2603,standard,61478704,8947653,0,0,121472,0,0,0,0,0,2026-07-20T16:24:46+00:00
2026-07-19,rekaai/reka-flash-3,standard,12758722,76833619,0,0,100002,0,0,0,0,0,2026-07-20T16:24:46+00:00
2026-07-19,relace/relace-apply-3,standard,60376083,39957356,0,0,13644,0,0,0,0,0,2026-07-20T16:24:46+00:00
2026-07-19,relace/relace-search-20251208,standard,65959043,2126730,0,0,30923,0,0,0,0,0,2026-07-20T16:24:46+00:00
2026-07-19,sakana/fugu-ultra-20260615,standard,28985616209,440997779,0,0,301308,0,0,0,0,0,2026-07-20T16:24:46+00:00
2026-07-19,sao10k/l3-lunaris-8b,standard,23151554251,2018643662,0,0,11185741,0,0,0,0,0,2026-07-20T16:24:46+00:00
2026-07-19,sao10k/l3.1-euryale-70b,standard,853623035,54307278,0,0,285717,0,0,0,0,0,2026-07-20T16:24:46+00:00
2026-07-19,sao10k/l3.3-euryale-70b-v2.3,standard,1434710001,66340999,0,0,923229,0,0,0,0,0,2026-07-20T16:24:46+00:00
2026-07-19,sentence-transformers/all-minilm-l12-v2-20251117,standard,1135393552,0,0,0,9493517,0,0,0,0,0,2026-07-20T16:24:46+00:00
2026-07-19,sentence-transformers/all-minilm-l6-v2-20251117,standard,3410559115,0,0,0,2581614,0,0,0,0,0,2026-07-20T16:24:46+00:00
2026-07-19,sentence-transformers/all-mpnet-base-v2-20251117,standard,1344930295,0,0,0,131774,0,0,0,0,0,2026-07-20T16:24:46+00:00
2026-07-19,sentence-transformers/multi-qa-mpnet-base-dot-v1-20251117,standard,5255265,0,0,0,2391,0,0,0,0,0,2026-07-20T16:24:46+00:00
2026-07-19,sentence-transformers/paraphrase-minilm-l6-v2-20251117,standard,261676898,0,0,0,74731,0,0,0,0,0,2026-07-20T16:24:46+00:00
2026-07-19,sesame/csm-1b,standard,123658,0,0,0,3156,0,0,0,0,0,2026-07-20T16:24:46+00:00
2026-07-19,sourceful/riverflow-v2-fast-20260130,standard,29255379,93419800,0,0,22376,0,0,0,0,0,2026-07-20T16:24:46+00:00
2026-07-19,sourceful/riverflow-v2-pro-20260130,standard,7145140,20248750,0,0,4850,0,0,0,0,0,2026-07-20T16:24:46+00:00
2026-07-19,sourceful/riverflow-v2.5-fast-20260605,standard,7530646,159940075,0,0,38309,0,0,0,0,0,2026-07-20T16:24:46+00:00
2026-07-19,sourceful/riverflow-v2.5-pro-20260605,standard,15793777,48166975,0,0,11539,0,0,0,0,0,2026-07-20T16:24:46+00:00
2026-07-19,stepfun/step-3.5-flash,standard,16037323784,1881183194,0,0,1849811,0,0,0,0,0,2026-07-20T16:24:46+00:00
2026-07-19,stepfun/step-3.7-flash-20260528,standard,5282792148796,78891982227,0,0,88546098,0,0,0,0,0,2026-07-20T16:24:46+00:00
2026-07-19,tencent/hunyuan-a13b-instruct,standard,290909735,78632502,0,0,112566,0,0,0,0,0,2026-07-20T16:24:46+00:00
2026-07-19,tencent/hy3-20260706,free,17265807611058,372028954996,0,0,311294868,0,0,0,0,0,2026-07-20T16:24:46+00:00
2026-07-19,tencent/hy3-20260706,standard,59984561506,1930560797,0,0,2668127,0,0,0,0,0,2026-07-20T16:24:46+00:00
2026-07-19,tencent/hy3-preview-20260421,standard,7766887468661,122575731602,0,0,151855041,0,0,0,0,0,2026-07-20T16:24:46+00:00
2026-07-19,thedrummer/cydonia-24b-v4.1,standard,5847648973,347129844,0,0,1651226,0,0,0,0,0,2026-07-20T16:24:46+00:00
2026-07-19,thedrummer/rocinante-12b,standard,1341268272,133450688,0,0,667430,0,0,0,0,0,2026-07-20T16:24:46+00:00
2026-07-19,thedrummer/skyfall-36b-v2,standard,530719657,40638225,0,0,198100,0,0,0,0,0,2026-07-20T16:24:46+00:00
2026-07-19,thedrummer/unslopnemo-12b,standard,3025830192,194122218,0,0,847576,0,0,0,0,0,2026-07-20T16:24:46+00:00
2026-07-19,thenlper/gte-base-20251117,standard,375751225,0,0,0,746550,0,0,0,0,0,2026-07-20T16:24:46+00:00
2026-07-19,thenlper/gte-large-20251117,standard,266596109,0,0,0,424648,0,0,0,0,0,2026-07-20T16:24:46+00:00
2026-07-19,thinkingmachines/inkling-20260715,standard,6041701434,143049510,0,0,278185,0,0,0,0,0,2026-07-20T16:24:46+00:00
2026-07-19,undi95/remm-slerp-l2-13b,standard,525220286,35831636,0,0,312928,0,0,0,0,0,2026-07-20T16:24:46+00:00
2026-07-19,upstage/solar-pro-3,standard,849776780,31821693,0,0,200461,0,0,0,0,0,2026-07-20T16:24:46+00:00
2026-07-19,venice/uncensored,free,392955479,79251765,0,0,189636,0,0,0,0,0,2026-07-20T16:24:46+00:00
2026-07-19,venice/uncensored,standard,411700219,35022527,0,0,138766,0,0,0,0,0,2026-07-20T16:24:46+00:00
2026-07-19,writer/palmyra-x5-20250428,standard,187481047,27791792,0,0,93866,0,0,0,0,0,2026-07-20T16:24:46+00:00
2026-07-19,x-ai/grok-4.20-20260309,standard,125105174661,9120921152,0,0,16743617,0,0,0,0,0,2026-07-20T16:24:46+00:00
2026-07-19,x-ai/grok-4.20-multi-agent-20260309,standard,7688256283,974078928,0,0,123538,0,0,0,0,0,2026-07-20T16:24:46+00:00
2026-07-19,x-ai/grok-4.3-20260430,standard,373684281388,44576952667,0,0,63311322,0,0,0,0,0,2026-07-20T16:24:46+00:00
2026-07-19,x-ai/grok-4.5-20260708,standard,501648935987,11322591932,0,0,10787544,0,0,0,0,0,2026-07-20T16:24:46+00:00
2026-07-19,x-ai/grok-build-0.1-20260520,standard,19763450487,1020594322,0,0,614758,0,0,0,0,0,2026-07-20T16:24:46+00:00
2026-07-19,x-ai/grok-imagine-image-quality-20260512,standard,1445809358,5162349925,0,0,1236493,0,0,0,0,0,2026-07-20T16:24:46+00:00
2026-07-19,x-ai/grok-imagine-video-20260512,standard,0,0,0,0,37352,0,0,0,0,0,2026-07-20T16:24:46+00:00
2026-07-19,x-ai/grok-voice-tts-1.0,standard,20225932,0,0,0,381500,0,0,0,0,0,2026-07-20T16:24:46+00:00
2026-07-19,xiaomi/mimo-v2.5-20260422,standard,24916693847122,224199538798,0,0,389241450,0,0,0,0,0,2026-07-20T16:24:46+00:00
2026-07-19,xiaomi/mimo-v2.5-pro-20260422,standard,2332383401086,30213127658,0,0,43158860,0,0,0,0,0,2026-07-20T16:24:46+00:00
2026-07-19,z-ai/glm-4.5,standard,4887842393,277540585,0,0,456444,0,0,0,0,0,2026-07-20T16:24:46+00:00
2026-07-19,z-ai/glm-4.5-air,standard,40102210768,1587999795,0,0,5035136,0,0,0,0,0,2026-07-20T16:24:46+00:00
2026-07-19,z-ai/glm-4.5v,standard,361943109,86408284,0,0,148832,0,0,0,0,0,2026-07-20T16:24:46+00:00
2026-07-19,z-ai/glm-4.6,standard,55345048780,3039774179,0,0,4655410,0,0,0,0,0,2026-07-20T16:24:46+00:00
2026-07-19,z-ai/glm-4.6-20251208,standard,4065288329,775316423,0,0,1742504,0,0,0,0,0,2026-07-20T16:24:46+00:00
2026-07-19,z-ai/glm-4.7-20251222,standard,292072342204,16836667546,0,0,21065597,0,0,0,0,0,2026-07-20T16:24:46+00:00
2026-07-19,z-ai/glm-4.7-flash-20260119,standard,268698305061,13063758791,0,0,24353473,0,0,0,0,0,2026-07-20T16:24:46+00:00
2026-07-19,z-ai/glm-5-20260211,standard,916239699828,26176914790,0,0,41005837,0,0,0,0,0,2026-07-20T16:24:46+00:00
2026-07-19,z-ai/glm-5-turbo-20260315,standard,29640905791,518955809,0,0,1240241,0,0,0,0,0,2026-07-20T16:24:46+00:00
2026-07-19,z-ai/glm-5.1-20260406,standard,670157453985,38140644174,0,0,43656588,0,0,0,0,0,2026-07-20T16:24:46+00:00
2026-07-19,z-ai/glm-5.2-20260616,standard,11702137984382,233079032721,0,0,251437684,0,0,0,0,0,2026-07-20T16:24:46+00:00
2026-07-19,z-ai/glm-5v-turbo-20260401,standard,17383957460,625658498,0,0,818013,0,0,0,0,0,2026-07-20T16:24:46+00:00
2026-07-19,zyphra/zonos-v0.1-hybrid,standard,26385,0,0,0,542,0,0,0,0,0,2026-07-20T16:24:46+00:00
2026-07-19,zyphra/zonos-v0.1-transformer,standard,32430,0,0,0,597,0,0,0,0,0,2026-07-20T16:24:46+00:00
